id,domain,status,purchase_price,renewal_price,attractiveness,demand,length,registrar,created_at,expires_at,status_verified_at
73d7fd37-019d-49e5-89d6-305a90ca7e0d,lombok.haus,available,14.99,33.99,medium,low,6,namesilo,,,06/10/2026 22:51
c6446a8a-7295-40c6-a3d3-4cdfa9ff5fab,resaca.mortgage,available,62.99,62.99,high,low,6,namesilo,,,06/10/2026 19:03
22b9f748-8fdb-4ebf-bdf1-b5631c558eb7,ripen.click,premium,72.65,103.7,high,low,5,spaceship,,,06/10/2026 17:56
13ad4e31-138b-40e4-8fab-73f9df82c235,mhc.fyi,premium,15.73,15.73,high,low,3,spaceship,,,29/09/2026 15:02
23675f96-e641-45f3-8509-15324251730e,graces.deal,premium,116,116,high,low,6,namesilo,,,02/10/2026 21:53
903ebe63-ea54-42a3-8532-0c08f9b66c3c,pueblo.sale,available,7,,high,low,6,unstoppable,,,06/10/2026 16:57
7c68263b-b1eb-4bb1-8c5f-a759f453b5c9,faroe.lifestyle,available,5.49,39.99,high,low,5,namesilo,,,30/09/2026 05:51
01b44928-d28b-4204-a3d9-850b4b6625ac,csm.salon,available,45.74,45.74,high,low,3,spaceship,,,30/09/2026 20:24
fa9c72b0-3189-464e-9716-26a4fae880be,shari.hospital,available,44.2,44.2,high,low,5,cloudflare,,,03/10/2026 19:23
9736b42c-30b0-47fe-b79f-a10699ebe59b,luisa.credit,available,80.2,80.2,medium,low,5,cloudflare,,,29/09/2026 05:31
4c4f7af0-511a-4255-8207-e5fce78aeb0f,newby.network,available,7.99,34.99,medium,low,5,namesilo,,,04/10/2026 09:40
7072f64f-c839-4e5e-b6f9-addeb50fd5e4,lar.rest,available,2.19,28.99,high,low,3,namesilo,,,03/10/2026 16:56
787dd9a7-ec01-4a4c-91a8-205d6bf8daaf,carers.hamburg,available,69.98,73.98,medium,low,6,namecheap,,,05/10/2026 23:02
771d9b0b-9273-4ec0-8982-3e99e84e73f0,cta.photography,available,14.49,36.49,high,low,3,namesilo,,,29/09/2026 22:44
42f054b9-0106-4ee4-a1e6-d704b789afeb,surrey.pink,available,21.62,21.62,high,low,6,dynadot,,,06/10/2026 02:51
76114ccc-ebfb-40c4-83d8-929253cdef6e,shifts.boston,available,23.49,23.49,medium,low,6,namesilo,,,28/09/2026 09:05
b046a20d-037f-4952-ae40-16221b5d4e48,dumps.lifestyle,premium,72.65,103.7,high,low,5,spaceship,,,30/09/2026 09:26
ebb9de86-12f6-4082-a93b-5e508f3242ab,bombay.limo,available,54.99,54.99,medium,low,6,namesilo,,,29/09/2026 00:15
99156814-90f8-4247-aeed-e9a606e0783c,isf.codes,available,55.2,55.2,medium,low,3,cloudflare,,,06/10/2026 18:31
609cddbc-7c71-4792-8c20-35a1291c4382,iop.fyi,available,17.7,17.7,high,low,3,namesilo,,,06/10/2026 01:39
1de3456a-d59c-4435-b943-8c8697e73853,probes.services,available,4.86,31.25,low,low,6,spaceship,,,02/10/2026 13:56
733f03be-2872-4b48-a040-7990f83f578e,hurler.reise,available,77.75,77.75,medium,low,6,porkbun,,,05/10/2026 00:11
dd348315-28c1-425f-a4ce-4b2ea08efa18,benz.deals,available,3.5,32.21,high,low,4,dynadot,,,29/09/2026 14:58
e8bc85c4-bab6-47c3-8f1c-d052d02b3ca1,ansi.casa,available,1.5,10.92,medium,low,4,dynadot,,,28/09/2026 11:47
c4625a07-e80e-4311-bc89-f8e45a97f68c,abdi.storage,available,509.99,529.99,medium,low,4,namesilo,,,05/10/2026 18:36
1bad7d1a-ad9f-4c69-af5a-0a389d7ba8bc,ups.cat,available,18.83,25.04,high,medium,3,spaceship,,,29/09/2026 08:49
74ef205b-0702-44d0-a442-446c8f242cea,suzhou.insure,available,56.2,56.2,medium,low,6,cloudflare,,,02/10/2026 20:01
562abdc2-ccf9-4f17-917e-f95d01eee68b,hess.inc,premium,2015,2600,high,low,4,namecheap,,,27/09/2026 03:38
3d690a5c-e73f-4493-b6e8-28a10947b443,bork.protection,available,2000.2,2000.2,high,low,4,cloudflare,,,03/10/2026 22:26
0d0adfc1-2b67-44cf-ae21-bbb00b9e03c9,aldous.cleaning,available,58.2,58.2,medium,low,6,cloudflare,,,03/10/2026 04:17
a36da69c-a4ff-46bb-bcbb-1fa41223c73a,merida.gmbh,available,45.99,45.99,high,low,6,namesilo,,,04/10/2026 12:36
7ecc0afe-90ac-4056-a66d-b44abcd3771f,sheath.bar,available,3.49,54.99,high,low,6,namesilo,,,02/10/2026 04:24
fa7231e4-13e9-4633-b234-92412c82d3bb,verge.study,premium,55,55,high,low,5,dynadot,,,28/09/2026 18:30
563a31db-50de-4775-b1cd-b647c2e8c48a,sears.engineering,available,16.99,64.99,high,low,5,namesilo,,,29/09/2026 04:28
e9c39299-0a37-4bbf-a0fc-d548678048e7,lolita.skin,available,1.99,17.29,high,low,6,namesilo,,,02/10/2026 05:39
09eed29b-65c4-40ee-9e66-7c0d4b5fd936,selena.wiki,available,1.75,26.08,medium,low,6,spaceship,,,30/09/2026 13:21
d5535448-e69e-4f49-a6a5-7d6e8ca60afe,atone.how,available,30.98,41.98,medium,low,5,namecheap,,,07/10/2026 01:27
bb1d3dff-791b-4436-a8fa-550517f772b3,semyon.photos,available,7.96,24.01,medium,low,6,spaceship,,,06/10/2026 06:21
a2fa32fa-32e6-481d-bc88-8268b8bc9a5e,anc.expert,available,10.99,62.49,high,low,3,namesilo,,,04/10/2026 01:07
20d4648e-7900-4b8d-8843-879dce03d98d,joffre.beauty,available,1.24,13.97,high,low,6,spaceship,,,04/10/2026 12:18
940af536-ec08-45ed-98ba-50401db90ab4,kalmar.ryukyu,available,17.98,22.98,medium,low,6,namecheap,,,03/10/2026 15:04
e887e726-7534-40cd-bde8-86b6a4863052,cowan.community,available,36.43,36.43,high,low,5,spaceship,,,06/10/2026 04:38
daea67d3-2cf7-418e-95f6-89649351d187,joked.zip,available,14,,medium,low,5,unstoppable,,,05/10/2026 10:36
77ceeaf1-30dc-45b4-b85e-3279e19b563e,ethyl.zip,available,10.52,10.52,medium,low,5,spaceship,,,06/10/2026 01:01
0c127255-1c8d-48b7-b48e-8108441126c2,ryle.wtf,available,7,,medium,low,4,unstoppable,,,05/10/2026 19:28
6c566b55-5298-4372-9a83-67f51ce8612c,gon.cards,available,38.99,38.99,high,low,3,namesilo,,,06/10/2026 04:22
e69837c8-7287-462a-8890-9537081eb1cf,crowe.direct,available,17.99,41.99,medium,low,5,namesilo,,,28/09/2026 12:13
61c97139-a668-4d42-8ce9-a212691be1ae,libby.gives,available,42.99,42.99,high,low,5,godaddy,,,28/09/2026 02:15
1e3b7d89-7c01-40df-a973-07cbbb5fcafa,mcl.hockey,available,8.24,47.89,high,low,3,porkbun,,,30/09/2026 19:34
afabdbbe-d1ec-4ecb-94d8-f3146d65588b,bfa.guide,premium,36.3,36.3,high,low,3,dynadot,,,01/10/2026 06:12
3004551e-2d80-46b1-ac78-2cac6a2929f6,horror.tel,premium,10.62,10.62,high,low,6,namesilo,,,27/09/2026 14:08
e754ac8f-1f86-447c-81a4-afe4918cc8e3,polak.digital,available,2.5,35.2,high,low,5,dynadot,,,06/10/2026 05:29
a59dcd0f-de98-43ea-8c87-d25cbb253573,cusco.army,available,17.5,,medium,low,5,unstoppable,,,04/10/2026 11:09
a647260c-b314-4878-b354-84e34f2e6501,pda.cyou,premium,310.7,621.2,high,low,3,spaceship,,,01/10/2026 21:15
666cdc76-ece1-4b74-8037-b5452ba1b9db,takagi.center,available,4.34,26.08,medium,low,6,spaceship,,,04/10/2026 09:59
80f83082-fd3b-483f-b603-8125911d617f,selina.cruises,available,56.99,56.99,medium,low,6,namesilo,,,01/10/2026 08:36
25ed1156-a6cd-431a-98d2-574e6ff96ed4,signe.fishing,premium,104,32.5,medium,low,5,namecheap,,,05/10/2026 03:09
8c54abdd-1e3c-4d67-8a98-4058db598625,abbott.video,available,4.34,29.18,high,low,6,spaceship,,,27/09/2026 17:56
48349f27-7900-4266-9cad-1af87b8e1404,reich.realty,available,109.99,299,high,low,5,namesilo,,,29/09/2026 02:01
c7547899-adcc-4665-a0c9-2a84873a58be,mmol.gifts,available,8.24,29.35,high,low,4,porkbun,,,03/10/2026 13:47
25ef6f52-e788-484d-885a-7e0d6b98f88b,tint.auto,available,2140.22,2140.22,high,low,4,dynadot,,,02/10/2026 16:59
f3614e35-588f-4091-8185-5b33449d66d6,theta.fans,premium,51.95,103.7,high,low,5,spaceship,,,05/10/2026 01:47
86a4b5d3-397e-4d95-82cc-18fd11fc322e,siding.eco,available,47.81,59.71,high,low,6,spaceship,,,29/09/2026 20:06
965d95ce-f2c4-49a2-9c7c-c3cf65963656,ost.onl,available,5.49,23.49,high,low,3,namesilo,,,29/09/2026 03:13
c29b92b3-6208-46d9-a47b-cf10d3bee89a,dinka.directory,available,8.5,,medium,low,5,unstoppable,,,06/10/2026 15:04
7654762e-e415-4d29-b47c-867eb147cdd6,nudge.meme,premium,,,high,low,5,,,,03/10/2026 20:58
0868134c-2eaa-450b-8ba4-4b54eecdb83d,duties.onl,available,18.2,18.2,medium,low,6,cloudflare,,,27/09/2026 22:05
c7c8b71f-e95c-4925-8de4-3c3243a5be5d,yaqui.living,premium,91,130,high,low,5,namecheap,,,03/10/2026 15:50
eeffadfe-a0b8-4ca2-8b8a-63497b594026,phc.fishing,available,32.49,32.49,high,low,3,namesilo,,,04/10/2026 16:04
1e31a1c1-efc9-45ca-b172-801468229096,trans.ing,premium,382.61,382.61,high,low,5,porkbun,,,30/09/2026 03:32
bd066d5a-e5e5-44ff-b13e-5f428cd9e9cb,bpd.name,available,8.98,9.98,high,low,3,namecheap,,,03/10/2026 05:40
37969811-1de4-4dbb-80e7-c24877d1a5b9,spines.contractors,available,28.15,28.15,low,low,6,spaceship,,,02/10/2026 22:03
51eb4112-86d7-4456-8dd5-f97133580dd8,saxe.promo,available,10.55,19.87,high,low,4,spaceship,,,03/10/2026 00:09
d9bcae85-957b-4900-819c-04f42fbcee83,aitkin.boats,available,1.24,13.97,medium,low,6,spaceship,,,06/10/2026 23:00
dda9eb2a-c877-4378-b5b8-d115fb2782d0,porno.memorial,available,41.6,41.6,high,low,5,spaceship,,,04/10/2026 11:32
d3020572-2a82-465b-b910-2d7e3054200c,viana.blue,available,19.2,19.2,medium,low,5,cloudflare,,,06/10/2026 08:13
1c6f659a-0fc2-46ec-868d-1b42081df24e,thyme.actor,available,16.99,44.49,high,low,5,namesilo,,,06/10/2026 17:24
5b5f3a7f-3c30-45d0-9473-126d69dadc10,yamaha.studio,available,14.98,52.98,high,low,6,namecheap,,,29/09/2026 03:39
3a03e163-bcd5-43ad-a734-355daacb7e60,ticks.red,available,11.49,23.49,medium,low,5,namesilo,,,02/10/2026 23:00
d9dc1e7c-eaf9-4455-896f-2c2d3c58a5ad,winds.live,available,25.2,25.2,medium,low,5,cloudflare,,,27/09/2026 22:44
69aa2235-adc6-4bcf-8bab-40b8ab739ec9,curls.taxi,available,48.2,48.2,high,low,5,cloudflare,,,03/10/2026 07:43
faba8d30-cc70-44a0-bbd2-8b6bf99b5229,jabez.solutions,available,10.5,,medium,low,5,unstoppable,,,04/10/2026 05:37
15b4fa20-b47a-48fc-8ca4-393bf72c22d2,cather.loan,available,4.48,5.55,medium,low,6,dynadot,,,02/10/2026 23:53
8e1a05f0-b2bc-400c-b7b2-25e71f7c714c,cdm.wiki,premium,103.7,103.7,high,low,3,spaceship,,,05/10/2026 22:13
5b88cf1a-3d50-4bb1-8d43-3c64ea49b8d0,hooper.art,premium,227.7,,medium,low,6,unstoppable,,,29/09/2026 02:55
59142078-7848-4788-a9b2-5f8754f1534f,bowers.condos,available,46.78,46.78,medium,low,6,spaceship,,,30/09/2026 21:44
0a021bf7-086f-4002-b5de-1130c509f9a9,dirk.parts,available,9.52,33.32,medium,low,4,spaceship,,,05/10/2026 11:20
cf13871e-a889-4d25-9e1e-e7077334381c,arba.cooking,available,26.08,26.08,medium,low,4,spaceship,,,06/10/2026 04:27
d83f6f9d-825b-4979-bfc5-7d7c9b0e7a38,toxin.cash,available,12,,medium,low,5,unstoppable,,,30/09/2026 03:03
816d325d-e3bd-4faa-98fe-9435174459b0,charms.london,available,31.99,31.99,medium,low,6,namesilo,,,29/09/2026 10:30
0e384fc1-a07e-4e6d-ad17-87d061b66589,hogg.kaufen,available,23.94,23.94,medium,low,4,spaceship,,,01/10/2026 02:37
934309e7-36c0-4122-a5e5-e05943ed1617,luster.fail,available,8.24,35.53,high,low,6,dynadot,,,06/10/2026 14:29
accbc0fb-04fa-4023-9e94-9db65cbef20b,janis.vote,available,33,,high,low,5,unstoppable,,,29/09/2026 09:40
5f4a189b-a91a-4d70-a58c-4ff83b407f4e,tore.surgery,available,45.16,45.16,medium,low,4,dynadot,,,30/09/2026 03:02
ea2f751f-e2f3-4091-9e5f-293daf8fdcd3,inchon.space,premium,100.2,,high,low,6,unstoppable,,,05/10/2026 10:59
2d9a000e-1a3a-4775-ae64-f006d0124875,glc.inc,available,279,2099,high,low,3,namesilo,,,03/10/2026 14:32
af9fbd96-5d4b-4172-84a0-82a0e7da1bac,aust.mom,available,1.99,27.99,high,low,4,namesilo,,,02/10/2026 08:35
bb27a143-dea6-4ca8-89ec-014fb00aa543,chl.dev,premium,92.32,92.32,high,low,3,spaceship,,,30/09/2026 04:21
729f4d49-b62f-4bf6-9710-059d154f0330,okrug.spot,available,25.98,31.98,medium,low,5,namecheap,,,02/10/2026 07:10
e73fded9-01cb-40c3-b56c-7ece033f1013,villa.land,premium,414.2,414.2,high,low,5,spaceship,,,29/09/2026 00:41
9a81b924-6820-44a5-b938-325627fb62d3,odette.technology,available,3.31,22.97,medium,low,6,spaceship,,,04/10/2026 02:20
1c847e83-a935-428c-a65b-4640ae024d0d,fungus.flowers,available,108.98,159.98,medium,low,6,namecheap,,,28/09/2026 14:14
79504eac-b2ad-455d-a217-02dcaa2caec9,bores.today,available,2.27,22.97,medium,low,5,spaceship,,,06/10/2026 13:00
046005a0-2bf5-4073-97f9-ffad84bd57c0,dnb.irish,available,5.98,31.98,high,low,3,namecheap,,,07/10/2026 01:32
aa0b69d6-18c9-4499-9d98-93c75f16dce5,esters.monster,available,1.99,17.29,low,low,6,namesilo,,,28/09/2026 13:25
a9fee7a8-3fa5-497c-aa6d-56d0d3dd9b06,grunt.trade,premium,455,65,high,low,5,namecheap,,,01/10/2026 02:20
611d47f7-1983-48ac-bd04-7340e0cd5e6c,chaim.diy,available,30.2,30.2,medium,low,5,cloudflare,,,29/09/2026 22:18
45666c6f-0cdd-4575-a976-dd71872167ce,maidan.today,available,5.99,32.99,high,low,6,namesilo,,,06/10/2026 18:03
440d07a0-ee3d-4eae-b2a8-3db454a109c5,lippe.report,available,10.99,24.99,medium,low,5,namesilo,,,04/10/2026 01:42
62479322-ab7d-4c73-a9ae-71cb76d8516f,beer.farm,resell,,,high,medium,4,Porkbun LLC,18/05/2021 13:12,18/05/2027 13:12,29/09/2026 02:00
159a77ea-7dcb-4832-bb2f-92e49a486f92,villon.cloud,available,20.2,20.2,medium,low,6,cloudflare,,,06/10/2026 15:27
03bd8b6f-4eb3-4762-8b36-7ef1216bac87,godoy.security,available,1999.99,2049.99,medium,low,5,namesilo,,,03/10/2026 06:12
18ef18d3-d97f-4426-885f-3b15c6b8f1c8,usd.camp,available,62.99,62.99,high,low,3,namesilo,,,28/09/2026 03:31
626c034a-e8b2-4a47-af02-81b5559575ad,cheery.insure,available,9.99,94.99,high,low,6,name.com,,,12/08/2026 03:56
2f375f1b-9ea1-4647-9016-4099c1856efe,ees.tax,available,14.99,67.49,medium,low,3,namesilo,,,02/10/2026 02:49
899bf56f-dede-4900-91ca-4f8af96e1ce4,names.clinic,available,11.98,82.98,high,low,5,namecheap,,,25/09/2026 09:32
6eb303cf-c2f7-4c67-90f2-3aa47d516a2f,bogan.support,available,8.5,,medium,low,5,unstoppable,,,05/10/2026 02:16
64ca031c-4d5d-4979-928f-f4235be6eb99,flu.fyi,premium,8.47,16.9,high,low,3,porkbun,,,29/09/2026 19:35
feacb013-c5c7-44a5-b1c1-a81664e8e7b9,den.tube,premium,650,26,high,low,3,namecheap,,,24/09/2026 21:50
f63ca55f-06f4-4db5-ae4a-ffe50dbf4ba4,nazis.accountants,available,122.98,145.98,low,low,5,namecheap,,,28/09/2026 09:00
8aeb4fc2-15e4-40de-aef6-f584e6a9acf5,owe.page,premium,61.27,61.27,high,low,3,spaceship,,,30/09/2026 21:17
7f0852ad-2e4d-4c8a-87ae-316b61eaafe9,jing.training,available,15,,high,low,4,unstoppable,,,30/09/2026 19:50
b0b90f82-77f0-430c-9b6d-a506fe6f3efc,built.institute,available,9.99,27.49,high,low,5,namesilo,,,23/09/2026 10:20
b37e0f12-4db0-4fd1-aaf7-e2ae6309ef46,billow.mobile,available,22.98,26.98,medium,low,6,namecheap,,,23/09/2026 16:34
c9cf579b-362c-41e2-91cf-b6dc55e8cded,allis.show,available,18.99,44.49,medium,low,5,namesilo,,,18/09/2026 11:06
0ed1f176-c4e1-475d-a73b-7e6f0e91e331,sabha.surf,available,1.5,26.97,medium,low,5,dynadot,,,29/09/2026 21:35
373ab708-0ef0-4041-9b8c-e16a2e2364d3,fez.fund,available,55.2,55.2,medium,low,3,cloudflare,,,05/10/2026 11:34
7c0bb30b-74da-4251-94e8-1d06b9efc323,olga.immobilien,available,37.99,37.99,medium,low,4,namesilo,,,27/09/2026 01:37
d54c1d85-4178-4305-83cc-628d89eabeb7,hordes.coffee,available,10.81,34.5,medium,low,6,porkbun,,,04/10/2026 21:58
fdb6451b-6e56-4b18-8aae-30849034ffb4,blase.faith,available,11.99,11.99,medium,low,5,namesilo,,,10/08/2026 13:19
c7801fa1-12fc-40b3-9d4f-3228d61558e3,scca.photos,available,15.99,29.99,medium,low,4,namesilo,,,06/10/2026 08:34
e9395722-031f-4bc7-b018-909ce678a60a,pot.show,premium,128.7,128.7,high,low,3,namecheap,,,25/09/2026 20:52
b26656d1-337b-45c8-afd8-fe70ecfaf337,artery.cyou,premium,384,768,high,low,6,namesilo,,,20/09/2026 10:30
0560ae7e-adc5-4201-a7e4-7a2470c92734,pmr.voyage,available,46.78,46.78,high,low,3,spaceship,,,03/10/2026 23:40
cf561de0-a800-4810-8a61-52124deba381,pto.solar,available,50.2,50.2,high,low,3,cloudflare,,,02/10/2026 06:08
42650bbf-c00e-4efe-ac50-ddf5d135171a,bru.red,available,11,,high,low,3,unstoppable,,,05/10/2026 15:38
e8e21ce8-0f9e-4acd-8cbe-f5b9f6c5f38c,oblige.london,available,12.98,41.98,high,low,6,namecheap,,,03/09/2026 23:41
28529a93-b8f4-4155-823c-16079e004199,cvs.contractors,available,35.49,35.49,high,low,3,namesilo,,,01/10/2026 23:45
046622f7-0264-49cd-b24b-38ee773616d9,nests.jetzt,available,7.71,19.48,medium,low,5,dynadot,,,02/10/2026 02:53
600597b4-45f7-4f8c-b1b2-e24d4ab96c18,neill.soy,available,24.5,,medium,low,5,unstoppable,,,28/09/2026 23:29
dcb79cd7-c35b-40ea-842f-b76e1eb3e6db,bet.news,resell,,,high,medium,3,"Name.com, Inc.",12/07/2015 17:10,12/07/2027 17:10,26/09/2026 04:23
964a90cd-67c5-4b5b-8229-581f6d2fcdf7,fca.luxe,premium,220,16.27,high,low,3,dynadot,,,30/09/2026 19:55
26a36401-e224-40c2-bfef-00fa5c16ede0,nepa.energy,available,5.38,93.35,medium,low,4,spaceship,,,01/10/2026 19:45
6f661ef1-2051-4e49-b680-06ac4254a847,havre.you,available,18.31,18.31,medium,low,5,spaceship,,,28/09/2026 03:56
971c9b07-46b5-4a69-b512-5992f7c95aa5,bomber.domains,available,34.36,34.36,medium,low,6,spaceship,,,28/09/2026 09:10
dd8e758c-5b9b-4316-a909-67ad2d9890cf,lomax.boutique,available,5.5,,medium,low,5,unstoppable,,,29/09/2026 22:37
aade77de-2ad0-4dea-a056-3a2677697d0d,tola.enterprises,available,11.49,35.99,high,low,4,namesilo,,,06/10/2026 19:17
24f26777-246e-4733-91a0-f209cbdfc076,dht.hospital,available,44.2,44.2,high,low,3,cloudflare,,,07/10/2026 02:04
cb9d2eae-ae44-4055-a909-7938e423f6c0,duress.melbourne,available,44.98,53.98,high,low,6,namecheap,,,04/10/2026 23:15
c7586c98-07c2-476e-a549-929b58967eb7,nude.reisen,available,19.48,19.48,high,low,4,dynadot,,,06/10/2026 15:26
3cd57bde-a1f6-458e-9fd7-96474c195070,elvish.management,available,14.99,33.99,medium,low,6,name.com,,,16/08/2026 03:43
e721db39-177c-49e6-9213-6040a052a31c,dnc.cars,available,1863.2,2064.2,high,low,3,spaceship,,,02/10/2026 17:47
f705261c-f446-48b2-8324-af5a6a5ee6db,auspex.dog,available,5.98,86.98,medium,low,6,namecheap,,,21/09/2026 03:22
0fbfbb1d-b7cc-4bfe-92c0-b6954f16672c,liang.ventures,available,20.99,59.99,high,low,5,namesilo,,,29/09/2026 22:32
9dc29e09-4d49-4ce0-9c6b-40ab7051c1ba,gunman.computer,available,23.99,38.99,medium,low,6,namesilo,,,01/10/2026 02:21
d703d451-6eda-430e-82dd-076f5ebb3b84,aunt.plumbing,available,72.99,72.99,high,low,4,namesilo,,,28/09/2026 23:17
0cdfe3d7-e225-4c05-ba33-4485a4fa45e4,priya.salon,available,57.99,57.99,high,low,5,namesilo,,,03/10/2026 04:50
1636825d-038c-42d9-b2b1-8f3ef34bbad1,agreed.viajes,available,37.99,37.99,high,low,6,namesilo,,,21/09/2026 23:21
75295506-20de-4da8-9960-d6e8d66cd7ac,xanax.cleaning,available,79.98,94.98,medium,low,5,namecheap,,,18/09/2026 14:09
dff975bc-201d-48c1-bbe8-ab403de7d9c9,minded.wine,available,8.48,75.98,high,low,6,namecheap,,,24/08/2026 23:35
e0cc5508-6a37-42b3-9d7c-4ba6246aacab,smear.skin,available,1.54,14.21,high,low,5,porkbun,,,29/09/2026 18:01
81230dc4-f777-4dfd-9e5b-b7cac034179c,silly.ngo,available,18.98,24.98,high,low,5,namecheap,,,21/09/2026 23:43
0e76becf-07d9-4743-8fe2-eeee38dd1ab7,costs.menu,available,26.97,26.97,high,low,5,dynadot,,,29/09/2026 11:44
32818dab-1356-4b44-b81a-3df9460824cd,ard.blackfriday,premium,328.02,328.02,medium,low,3,porkbun,,,28/09/2026 11:18
41e91e20-4ae9-417a-8ef8-9dd5feac05b4,grudge.law,available,83,83,high,low,6,spaceship,,,29/09/2026 19:05
5a4aefdc-d60b-43e0-bd6a-ba5d78c839d6,alvine.courses,available,1.24,31.28,medium,low,6,spaceship,,,05/10/2026 17:01
8fdbe18f-47a1-4714-846c-898d308b4b24,tiring.tennis,available,65.99,65.99,medium,low,6,namesilo,,,11/09/2026 16:24
6154c2b4-67fc-4a6c-b0b0-a7c6f6cc2ea0,bedlam.builders,available,34.98,43.98,medium,low,6,namecheap,,,22/09/2026 23:22
62f98ec2-55e1-494f-b8cc-05d400e9e99b,paso.moe,available,13.99,13.99,medium,low,4,namesilo,,,29/09/2026 03:36
2471bd50-d724-48d7-bfc5-7b644c684013,urges.florist,available,32.99,32.99,medium,low,5,namesilo,,,16/09/2026 09:15
cff280b2-0527-483d-b3dd-f2b5944852e0,mouthy.lease,available,43.2,43.2,medium,low,6,cloudflare,,,03/10/2026 14:34
3ecf3152-44e0-461f-908d-c679b784d34d,goal.insure,available,5.66,58.19,high,low,4,porkbun,,,29/09/2026 14:09
f0decc2e-3495-4bd1-8999-c1e0e7d6c44b,awheel.fashion,available,26.08,26.08,medium,low,6,spaceship,,,06/10/2026 18:20
9398fe92-31a3-4da7-9e26-1fc51b9b7b8a,main.buzz,premium,116,53.92,high,low,4,namesilo,,,23/09/2026 09:34
59569bc0-8fb5-4f81-92c2-dab6929d8607,shelvy.esq,available,25.98,29.98,high,medium,6,namecheap,,,09/09/2026 12:30
1cdedbfe-f58d-4826-aa39-9b7031b8c1da,washes.discount,available,30.99,30.99,medium,low,6,namesilo,,,20/09/2026 04:54
725dca52-0e5e-4381-914e-1c3e5a1b6099,katia.garden,available,1.98,43.98,high,low,5,namecheap,,,06/10/2026 21:59
24e68cf4-9075-4e21-9a9b-851578934e1e,ofa.surgery,available,43.77,43.77,medium,low,3,porkbun,,,03/10/2026 17:35
b0f3f23b-d872-4ca3-9950-23023888d7a7,drm.wedding,premium,44,26.97,high,low,3,dynadot,,,03/10/2026 16:32
f1777fe4-d712-4cda-a30f-6fee7720772c,leven.accountants,available,90.2,90.2,medium,low,5,cloudflare,,,01/10/2026 22:22
10fcbedb-0b3a-4dd9-8c45-53161c159060,mdr.gripe,available,6.99,6.99,high,low,3,namesilo,,,03/10/2026 23:49
23e15a78-8615-45f3-8d34-199cba84ec7e,dampen.kids,premium,62.5,22.5,medium,low,6,name.com,,,13/08/2026 16:53
50980d37-5524-432d-92da-d470fb3e596d,shear.mortgage,available,65.98,76.98,medium,low,5,namecheap,,,30/09/2026 11:04
81ce22d2-d893-4f40-bd4d-0932a41ca43b,aeneid.immo,available,36.98,43.98,medium,low,6,namecheap,,,17/09/2026 12:28
a54b30cd-bed7-4d52-9456-947b43e1c966,saucer.team,available,4.63,29.35,high,low,6,porkbun,,,29/09/2026 15:53
3d1eb745-aa96-4d78-ae6e-cf7e9cb18a3e,abwatt.dealer,available,2099,2099,medium,low,6,namesilo,,,16/09/2026 19:39
3bf91081-5eab-4b8e-bed0-424d26486377,akko.boo,available,12.98,16.98,medium,low,4,namecheap,,,16/09/2026 22:23
89e83f11-7c27-4cff-a14d-e8e32cb73b43,plots.claims,available,17.99,64.99,medium,low,5,namesilo,,,29/09/2026 17:24
cb4139f1-040a-4525-94e2-797ff79b885f,bacon.international,available,12,,high,low,5,unstoppable,,,28/09/2026 16:51
e62fe21a-c930-4484-8188-6bd9e9c75334,heals.equipment,available,29.98,32.98,medium,low,5,namecheap,,,04/10/2026 22:11
4b9078bd-3ff6-441e-b657-600c66612191,masao.cloud,available,5.29,25.99,high,low,5,namesilo,,,05/10/2026 18:54
402e809c-0ad7-4c82-be64-8173b241c1a8,biased.hockey,available,14.99,77.99,medium,low,6,name.com,,,09/08/2026 18:36
a9c57dea-3c4f-4280-b6ec-f7114fb7f0fc,nsc.mx,available,39.99,43.99,medium,low,3,namesilo,,,29/09/2026 07:39
2a9d436a-80aa-4b8b-b709-5bb809b06ec6,horner.associates,available,18.99,38.99,high,low,6,namesilo,,,05/10/2026 17:15
f0af79e3-74ff-4166-9351-5ae6ad90aaa7,sultry.plumbing,available,14.99,94.99,high,low,6,name.com,,,10/09/2026 20:31
c78f4ba7-a61b-4130-a8ab-0df57f5b7622,wrap.adult,available,,,high,low,4,,,,26/09/2026 00:32
09e0dc74-4d61-41f3-853c-3941a74c59de,bummer.mom,available,1.99,27.99,high,low,6,namesilo,,,04/10/2026 22:34
b7d8df30-9a4b-4584-b91a-98f631ddc318,passel.studio,available,14.98,52.98,medium,low,6,namecheap,,,25/08/2026 00:35
adced3e1-a9eb-4fbc-a8f2-c337a933c853,lazy.exposed,available,22.98,28.98,high,low,4,namecheap,,,17/08/2026 20:54
0f946586-1850-455e-81e7-f29276e7d174,nsl.tienda,available,5.66,47.89,medium,low,3,porkbun,,,04/10/2026 18:06
1b306e33-7352-4c24-92d6-b47994a70dae,lester.rent,available,10.5,53.72,high,low,6,dynadot,,,28/09/2026 05:11
58f6dc52-3a63-4678-aa85-f742118f33eb,ozzie.holdings,available,50.2,50.2,high,low,5,cloudflare,,,03/10/2026 23:57
f85f5c4f-7e18-46ae-b455-27ef41ec3b0c,oulu.mov,available,12.98,15.98,medium,low,4,namecheap,,,05/10/2026 05:13
4c858fac-9060-4922-81bf-a9a361eca116,isles.courses,available,2.19,38.99,medium,low,5,namesilo,,,20/09/2026 01:00
3329eacd-206f-470d-a7ab-dae13801ef53,fulda.law,available,85.82,85.82,medium,low,5,dynadot,,,02/10/2026 20:14
f85131ac-988e-44d1-921f-32d96331f244,lured.rent,available,1.5,81.98,medium,low,5,namecheap,,,01/10/2026 18:14
fbf01cb5-3f48-417a-b239-5725e8e00c08,sharon.pub,available,39.99,39.99,high,low,6,namesilo,,,27/09/2026 06:30
d303a913-d29f-4d9f-9643-f71d81ae9154,bugler.dev,available,,,high,high,6,,,,
199a032e-d2bc-4f7b-9bdd-1c9ba464ed71,modem.attorney,available,62.99,62.99,high,low,5,namesilo,,,30/09/2026 04:48
229c94c0-f920-4eb6-aec7-fe01e62f359b,shi.beauty,premium,672.95,672.95,high,low,3,spaceship,,,30/09/2026 11:58
0a34f185-ac90-4681-8769-652cced998f6,sticky.attorney,available,62.99,62.99,high,low,6,namesilo,,,16/08/2026 07:55
debb0591-8206-46c4-ac63-ff11cc6c8a0e,hanger.sexy,available,2749.99,2749.99,medium,low,6,namesilo,,,29/09/2026 22:02
0224c33b-82ab-48b8-91b2-d4437890261d,bleeds.bond,available,2.49,16.27,low,low,6,dynadot,,,07/10/2026 02:48
84df6e61-6fbc-4b5e-85a0-ee0e08971a2c,bida.careers,available,34.99,71.99,medium,low,4,namesilo,,,23/09/2026 13:39
a29420a2-42d1-433b-9f8e-16b4dd75bc84,lawful.info,available,3.98,35.98,high,low,6,namecheap,,,06/10/2026 04:50
353120a1-a48b-4761-8cec-d05d20250f00,sabah.health,available,10.55,62.38,medium,low,5,spaceship,,,28/09/2026 20:01
ab8ae483-68ca-40a5-a6d7-12866f0dd1e5,rides.immo,available,36.98,43.98,medium,low,5,namecheap,,,17/09/2026 06:42
945e5ac7-18b3-4b87-b3c8-0eb0a75f0d7d,eyelid.broker,available,8.24,29.35,high,low,6,porkbun,,,04/10/2026 11:35
7767b181-bd6d-4724-8d69-871fb2676922,bamboo.sex,available,69.98,154.98,high,medium,6,namecheap,,,22/09/2026 00:40
77fcea54-658c-4ab1-9d7d-9ff4ee5ca9af,distal.band,available,17.48,39.98,medium,low,6,namecheap,,,14/08/2026 13:03
e4774c4f-8bd1-4698-8653-16895e364720,shand.bike,available,12.99,38.99,medium,low,5,namesilo,,,05/10/2026 04:08
be7958ec-dac7-43c5-b967-0dde3b3904e2,kiln.charity,available,11.99,23.01,high,low,4,dynadot,,,05/10/2026 12:24
5fc288d1-78a8-4d6c-8332-424b77f40fba,bataan.education,available,34.99,34.99,medium,low,6,namesilo,,,22/09/2026 13:10
81dc22c9-cb26-4975-9b59-844ee68d5bac,chisel.blue,available,18.5,,high,low,6,unstoppable,,,02/10/2026 23:58
86cef923-fdad-406f-9393-94da58346ad0,earle.condos,available,61.98,72.98,medium,low,5,namecheap,,,26/09/2026 03:17
76a71f8a-bdaf-474b-9f16-9b333a138517,pomo.lawyer,available,49.88,49.88,medium,low,4,spaceship,,,05/10/2026 01:18
0c369402-ef93-45d9-ab28-1bdd4f6e00ee,mantra.bot,resell,,,high,low,6,"Dynadot, LLC",29/08/2026 07:38,29/08/2027 07:38,30/09/2026 03:49
d8c3eadf-9646-4454-894f-66f9e0d96142,domain.realty,premium,2275,3250,high,medium,6,namecheap,,,05/10/2026 15:52
eb06470a-399d-43ef-a155-7d898b2bd89a,hordes.works,available,30.2,30.2,medium,low,6,cloudflare,,,04/10/2026 21:58
bb1279b1-70b1-405c-8c87-29077c7e4999,almost.gallery,available,22.97,22.97,high,low,6,spaceship,,,28/09/2026 11:54
62cd157f-01d0-4a3c-add0-0ea5ed372fed,baste.date,available,5.25,6.25,medium,low,5,namesilo,,,22/09/2026 12:43
3bc4770e-1cbe-4de8-812f-c8e43f3c51c1,lick.new,available,412.2,412.2,medium,low,4,spaceship,,,29/09/2026 02:30
82aac6a1-7b90-4090-b176-910c11ade1ff,ganesh.jetzt,available,18.83,18.83,high,low,6,spaceship,,,02/10/2026 04:59
b922fe18-11da-4d9e-8aa9-4b06a5242175,ras.irish,available,7,,high,low,3,unstoppable,,,03/10/2026 21:17
7383fd6f-4a12-498f-b086-8e908cd67fdb,dodge.bingo,available,51.98,68.98,high,low,5,namecheap,,,28/09/2026 01:47
6cd93061-8eae-42f6-a194-85805339bd7f,snf.reisen,available,3.99,20.99,medium,low,3,namesilo,,,06/10/2026 11:29
d6aa5317-ff12-4bd3-9a4a-e019d90592c1,dinky.ong,available,16.99,16.99,medium,low,5,name.com,,,14/08/2026 08:14
b86ac8ed-bbad-48cc-a01d-33c630b34469,tilly.xyz,resell,,,high,low,5,,,,03/10/2026 12:54
963a55eb-f920-4272-91b5-a68be3afd3d8,afl.forsale,available,13.98,47.48,high,low,3,namecheap,,,17/09/2026 15:04
17af8a41-df43-4b8b-b1a7-61746f562aaa,kfc.lease,available,56.99,56.99,high,low,3,namesilo,,,16/09/2026 23:46
5591be92-4089-4264-bd77-abf5fc949f04,peso.lifestyle,premium,455,650,high,low,4,namecheap,,,24/09/2026 14:37
c3c814eb-8aa6-4df6-9401-d1ccc2182ee7,sedans.accountant,available,23.59,23.59,medium,low,6,namesilo,,,19/09/2026 22:27
98a05514-d241-4fe3-8e65-d3b12be5587c,span.reviews,available,62.99,62.99,high,low,4,namesilo,,,29/09/2026 00:16
8c72a3b6-8389-4e44-9cd6-ff970e8fe65e,losers.actor,available,10.92,36.6,medium,low,6,dynadot,,,28/09/2026 04:59
1d4923a3-bb34-4c18-87a2-0f558a64ea43,adj.cam,available,1.7,14.69,high,low,3,spaceship,,,03/10/2026 13:02
4dd26495-5101-4dd5-aab3-0ad376355c69,blues.republican,available,5.66,26.26,high,low,5,porkbun,,,29/09/2026 03:01
667ae7a2-4b56-4e92-acb6-5cc21b9813ae,cdo.cricket,premium,362.45,51.95,high,low,3,spaceship,,,06/10/2026 19:51
c56b72b7-7ff2-4c5f-b626-68f4c618a122,emigre.store,premium,64.89,258.95,high,low,6,spaceship,,,06/10/2026 00:52
7b3feac0-6620-4fb5-a4ff-b2518be78f8f,iww.direct,available,17,,medium,low,3,unstoppable,,,02/10/2026 05:22
f1870a99-19fa-4564-945b-4a96b914008d,ups.pro,premium,512,512,high,medium,3,namesilo,,,29/09/2026 08:49
deec62a1-e04b-4acc-8fa6-b66dac3ff938,grouse.golf,available,7.49,64.99,high,low,6,namesilo,,,23/09/2026 00:24
a32dca61-a390-4171-b1bb-ec34eafe9120,churn.flights,available,58.99,58.99,high,low,5,namesilo,,,05/10/2026 10:50
5eb31392-c7db-460a-ae33-ae01a5e899cb,pmc.glass,available,58.19,58.19,high,low,3,porkbun,,,03/10/2026 14:13
ab73eb7f-213c-470d-8601-f70f443c91c2,thenar.day,available,12.98,16.98,medium,low,6,namecheap,,,11/09/2026 12:51
33d22fa9-b48b-4c8d-a808-98c2d4274b9d,accuse.info,available,5.25,29.49,medium,low,6,namesilo,,,29/09/2026 02:41
b91059a7-39c2-4ae4-b8f3-34b95a83805b,bayes.cars,available,2070,2950,high,low,5,namecheap,,,22/09/2026 18:03
1f7bf8bf-18e2-43a1-a1b5-b98dd31fbe39,nla.vegas,available,19.98,64.98,high,low,3,namecheap,,,05/10/2026 08:53
4f4306ea-a69e-42a2-ac71-fce974514633,group.lease,premium,128.7,128.7,high,low,5,namecheap,,,04/10/2026 09:26
40a45582-4f39-4f43-be2b-bcbd1833ab0c,atwood.careers,available,26.08,57.13,medium,low,6,spaceship,,,28/09/2026 18:22
dc00cbc8-b95b-471f-979f-bac2a93d9fc0,inborn.industries,available,17.49,65.99,medium,low,6,name.com,,,12/08/2026 21:42
9f89976e-4f22-46ef-bf7e-8ec9b810917b,urban.website,premium,640,640,high,low,5,namesilo,,,28/09/2026 10:00
184a4e85-b362-4356-a850-027403a574f9,lienal.at,available,11.99,11.99,medium,low,6,namesilo,,,23/08/2026 01:33
ce480e00-3608-48f3-9c29-542d42127c4e,shots.market,available,46.98,55.98,medium,low,5,namecheap,,,20/09/2026 00:10
b95c0c03-11de-424a-b3d2-70c1a5901fa8,marne.fyi,premium,15.5,,medium,low,5,unstoppable,,,29/09/2026 15:38
1885aa1c-53e8-41d4-8607-8ad38c560685,yuri.study,premium,55.11,55.11,high,low,4,porkbun,,,28/09/2026 07:44
848311d0-636c-4540-b050-39ca56acaabf,relied.space,available,0.98,32.48,medium,low,6,namecheap,,,20/09/2026 05:00
0d791a85-5f12-4cc0-9e3c-2a3edcd5c493,peking.trade,premium,455,65,high,low,6,namecheap,,,23/09/2026 04:13
8133af1e-1310-4dcc-9a7d-6e920054c7d2,maung.diet,available,100.2,100.2,medium,low,5,cloudflare,,,03/10/2026 15:37
22ca9a9e-3b26-4e91-9b7a-4f9ef52fb705,sorrel.forsale,available,13.98,47.48,medium,low,6,namecheap,,,11/08/2026 06:31
55192ec7-3d5b-4458-8af1-12369f548c44,cores.casino,available,14.99,159.99,medium,low,5,namesilo,,,01/10/2026 16:54
f6a8194e-5e4c-4974-994e-ae7ad5cfab8e,cheka.parts,available,10.48,45.98,medium,low,5,namecheap,,,06/10/2026 05:39
c2856d60-9ceb-4ca2-bff2-1a937dd490c5,biter.lgbt,available,14.99,79.99,medium,low,5,namesilo,,,23/09/2026 22:27
b3f3e22d-fdfb-4937-9cf3-78fd02e7a463,wedged.engineering,available,10.48,85.98,medium,low,6,namecheap,,,21/08/2026 21:38
41c39537-b8ee-44d1-a1bc-582c71c94d0c,leader.charity,available,14.99,23.99,high,low,6,namesilo,,,30/09/2026 02:28
2a3627c1-5d54-4dc7-8ad8-be59c0b5d8a0,concur.llc,available,13.5,,high,low,6,unstoppable,,,02/10/2026 17:11
b5d56d75-29cc-4bab-8a76-5250ebf16b4c,blouse.moda,available,33.32,33.32,high,low,6,spaceship,,,29/09/2026 06:07
bd86e884-bcdd-4498-8679-e8044d4ac13f,dlp.kaufen,available,23.2,23.2,high,low,3,cloudflare,,,06/10/2026 08:49
5b1a6cca-a240-4234-ba8e-7527bd16969a,decoy.rest,available,1.25,26,high,low,5,spaceship,,,30/09/2026 01:16
bd41efad-01a3-4cbf-ad7a-754dd8c2b36e,norris.guru,available,4.49,42.99,high,low,6,namesilo,,,23/09/2026 08:18
c67c2075-bcc3-4124-ad22-acdd1054c9cd,orozco.auction,available,29.18,29.18,medium,low,6,spaceship,,,02/10/2026 05:31
4b6c33b3-e0c9-47b7-8aa1-72df46fd4450,footed.cricket,available,23.59,23.59,high,low,6,namesilo,,,18/08/2026 10:43
01d09dfa-24e2-46f8-aa9f-5fcd1800ca2e,carnot.cx,available,18.99,18.99,medium,low,6,namesilo,,,02/10/2026 04:17
79bd264e-273c-42cb-bcba-1cc5b6d89bd2,eliza.online,premium,500.2,,high,low,5,unstoppable,,,02/10/2026 09:41
d92b1c8e-58e0-429c-bddd-b6ed4c43ac59,ecce.taxi,available,8.98,69.98,medium,low,4,namecheap,,,05/10/2026 15:40
a81064a9-d634-4d18-bb51-028f620b37b1,she.nyc,available,26.08,26.08,high,low,3,spaceship,,,30/09/2026 22:17
61e40ec5-0553-48ba-8798-1cab198bd34f,laurie.art,premium,354.9,91,high,low,6,namecheap,,,25/09/2026 17:15
fc2e959f-9346-4537-807b-93f522076c4b,mead.cam,available,1.7,14.69,high,low,4,spaceship,,,30/09/2026 17:28
c7494caf-4ba4-4ff0-b94d-577d85aa9579,belly.cat,available,26.98,38.98,high,low,5,namecheap,,,16/09/2026 14:48
0ddbb1bd-e93c-496d-a02e-7ba574ce54f5,nouns.gives,available,14.99,23.99,high,low,5,namesilo,,,03/10/2026 08:21
72348b91-d53f-4d90-99a7-0d84b76be606,huelva.lgbt,available,14.99,79.99,medium,low,6,namesilo,,,05/10/2026 19:02
487ee318-96f4-4622-936e-00f03bcc4ccd,uri.adult,available,95.2,95.2,high,low,3,cloudflare,,,28/09/2026 21:32
7ee7e2fb-77f9-4edc-81b2-91fd04ff2c27,apish.flights,available,20.9,46.78,medium,low,5,spaceship,,,06/10/2026 00:58
bd6edfe9-101c-4c2c-851f-4e59b8126b32,mickey.investments,available,12.99,129.99,high,low,6,namesilo,,,25/09/2026 09:22
6f67a081-0560-4d0c-84c7-7bd3e192569e,msa.hair,available,1.8,21.98,high,low,3,namecheap,,,28/09/2026 03:30
d4436f99-d432-4467-9287-a593999ee3a8,yao.vip,premium,,,medium,low,3,,,,28/09/2026 07:58
8f424877-5812-4427-8461-ee5e5e90e7d4,dalit.page,available,10.2,10.2,high,low,5,cloudflare,,,03/10/2026 03:49
6ec7a8c8-55cc-468f-a6b7-a82f3d32ad9e,mev.ngo,available,18.98,24.98,high,low,3,namecheap,,,29/09/2026 10:55
9cec2470-2f4b-450b-b633-0d36e941a793,sylva.mx,available,36.64,42.52,high,low,5,dynadot,,,05/10/2026 13:47
53a94457-3e6d-4728-8840-6e6ee215deba,wroth.country,available,2298,2450,medium,low,5,namecheap,,,13/09/2026 13:38
d735a6df-aa9c-4029-b1f5-7bb4eb0ad6e7,mnc.men,premium,650,84.5,high,low,3,namecheap,,,06/10/2026 06:11
9b254cff-f33b-4cab-af8c-9062b4b8a770,ias.garden,available,1.98,43.98,high,low,3,namecheap,,,29/09/2026 21:40
9dfe23a4-facd-4b38-a6ec-e28a1c7c9405,cowes.boats,available,1.24,13.97,high,low,5,spaceship,,,04/10/2026 17:32
1512d1ef-6c1b-44da-b07a-c5c33faf2a83,astana.cat,available,26.98,38.98,high,low,6,namecheap,,,18/09/2026 00:11
3122309a-1d6c-4d0c-958e-9026d82b34f4,palace.moi,available,27,25.99,high,low,6,unstoppable,,,29/09/2026 07:39
8f2a5835-295c-4d7a-b6a4-fcf211e6c480,iaa.wtf,available,7.49,36.49,medium,low,3,namesilo,,,17/09/2026 07:22
79478426-7e0c-41c0-b577-4afcfaa998df,nantes.wedding,available,32.49,32.49,medium,low,6,namesilo,,,28/09/2026 10:30
00b48ff5-a176-4297-89b9-0b9db0e9edce,slp.pizza,available,5.38,51.95,high,low,3,spaceship,,,05/10/2026 02:28
60cb5894-19e9-49be-b3a1-8b81dfc6c6eb,nave.cars,available,1999.99,2199,high,low,4,namesilo,,,06/10/2026 16:29
a39285e0-b848-4e0c-88cd-3e7db17942b7,retral.holiday,available,64.99,64.99,medium,low,6,namesilo,,,09/09/2026 15:44
3546ef11-629f-4197-8a10-a2235f6fa2d1,relish.systems,available,10.55,28.15,high,low,6,spaceship,,,29/09/2026 21:47
c55596c2-92e8-49ef-aef7-37f8b006ef37,birch.ltd,resell,,,high,low,5,Alibaba Cloud Computing Ltd. d/b/a HiChina (www.net.cn),08/03/2020 16:10,08/03/2027 16:10,26/09/2026 04:26
b8e28478-6dfe-414d-8301-ce88e2702afa,skies.giving,available,7.48,35.98,medium,low,5,namecheap,,,18/09/2026 07:49
0d9214ea-1c01-469d-b1cf-5299e07c8d45,meets.villas,available,59.99,59.99,high,low,5,namesilo,,,27/09/2026 06:26
7fb509d4-a63b-4608-964a-dc2961598d42,nose.school,available,36.49,36.49,high,low,4,namesilo,,,30/09/2026 05:52
88fe2588-5c3d-491e-b1c0-9fe22b575229,mancha.fish,available,36.43,36.43,medium,low,6,spaceship,,,01/10/2026 17:40
3c0391fb-0b6b-4f9d-8c22-6494e420001f,bug.study,premium,546.35,546.35,high,low,3,porkbun,,,29/09/2026 00:24
09fa53fd-cd15-42b2-8a42-8090634bfc64,heck.singles,available,3.31,27.11,high,low,4,spaceship,,,01/10/2026 01:34
1569668a-36f1-4e22-9ca8-328c9db66c49,salam.dad,premium,,,high,low,5,,,,01/10/2026 22:51
d62bd686-5ab9-4f17-9723-e8265b09f8e2,stub.bid,available,5.25,6.25,high,low,4,namesilo,,,24/09/2026 13:57
4210a8b8-9512-49fe-9e09-eb958845bf97,roz.exchange,available,30.2,30.2,high,low,3,cloudflare,,,05/10/2026 07:16
a0a316bd-ec63-4186-8b08-2ff929a8784f,choral.construction,available,15.99,50.99,high,low,6,name.com,,,12/08/2026 07:03
90be8ecd-cc95-4bf7-8a28-2914855f386a,titus.careers,available,34.99,71.99,high,low,5,namesilo,,,25/09/2026 05:37
fc84e9dc-21a4-4c73-b59b-29ce6c021746,camels.futbol,available,7.49,17.99,medium,low,6,namesilo,,,30/09/2026 15:26
8bc53b1f-884e-4d1c-bb3f-5cdbad32d029,thrown.coupons,available,5.5,,medium,low,6,unstoppable,,,28/09/2026 09:15
a65c4257-1c97-4789-add3-8053adf96bc2,strike.luxe,available,19.49,19.49,high,low,6,namesilo,,,25/08/2026 00:52
d0bb6b06-7031-4659-ac82-9b4ff3d1ea28,peed.recipes,available,5.48,95.98,medium,low,4,namecheap,,,18/09/2026 08:17
7a6b595a-c6c8-44ca-a083-f9be325cf554,xerxes.studio,available,17.99,40.99,medium,low,6,namesilo,,,01/10/2026 16:35
8094774b-4325-4051-a37e-9f8683faccc0,bellow.xxx,available,69.98,154.98,medium,low,6,namecheap,,,23/09/2026 06:17
24da8e3b-376a-4662-8f92-4279f1e296a0,ruin.forum,premium,116,116,high,low,4,namesilo,,,06/10/2026 23:08
dea41dd4-7868-4609-8b86-201dc14e319b,oval.beer,available,2.19,32.49,high,low,4,namesilo,,,24/09/2026 13:34
c37bf6a2-b5cf-44ea-ba4e-cb7017b83eb7,betray.new,available,412.46,412.46,medium,low,6,porkbun,,,28/09/2026 13:49
e2df6a5d-97a3-40b1-bf8b-11087442917e,rimed.rehab,available,36.99,36.99,medium,low,5,namesilo,,,09/09/2026 17:39
230d0075-8c2e-4ded-9c78-b96c8088363d,avoid.club,premium,960,17.7,high,low,5,namesilo,,,13/09/2026 06:44
4f2b684e-5b12-4124-bc1e-e3fe4609bba5,spade.lighting,available,18.83,18.83,high,low,5,spaceship,,,30/09/2026 02:04
7e267fe7-b24c-4380-ae37-e3b902f1c8bd,barns.rentals,available,10.99,44.49,medium,low,5,namesilo,,,20/09/2026 22:46
6111e0de-4642-4340-b230-75f91be82a93,prissy.reise,available,102.98,127.98,medium,low,6,namecheap,,,04/09/2026 21:22
187cc35a-1cb2-4605-9c45-285c7f56c850,kelli.credit,available,6.64,84.21,medium,low,5,dynadot,,,05/10/2026 18:27
c8aab300-830c-4090-83b8-5b53e3bee672,agnes.social,available,9.99,41.49,high,low,5,namesilo,,,25/09/2026 14:30
b7a727aa-7b1b-406f-bf7b-7d537cdbee12,brassy.contractors,available,9.99,45.99,medium,low,6,name.com,,,11/08/2026 02:33
563e1959-a458-49c6-b1db-3a6ec94213b4,tracks.help,premium,83.3,116,high,low,6,namesilo,,,17/09/2026 16:05
55fa3429-e403-41f1-938e-a487fdcc0dfe,fiesta.rent,available,1.18,51.95,high,low,6,spaceship,,,01/10/2026 02:03
082d34e0-f84e-4abf-9202-5b1a3a541aa1,cosmic.gallery,resell,,,high,medium,6,"GoDaddy.com, LLC",13/02/2026 18:05,13/02/2027 18:05,26/09/2026 05:16
02c14e73-763a-43d9-b2f9-df20bc9e28eb,paying.cleaning,available,75.49,75.49,high,low,6,namesilo,,,24/09/2026 22:11
73ebde30-178e-4537-8203-7e78ded770ca,baloch.rehab,available,8.24,33.39,medium,low,6,dynadot,,,06/10/2026 12:19
08015cee-11ea-4b39-a170-cbbfd83405e7,leona.audio,available,104.99,114.99,medium,low,5,namesilo,,,30/09/2026 05:02
f9e73295-cf3a-4fbd-b185-5ac12d184498,hitt.dance,available,16.99,27.49,medium,low,4,namesilo,,,07/10/2026 01:42
b66b69ed-ff57-46b3-a921-d75a6c1d435e,hoary.vin,available,6.98,75.98,medium,low,5,namecheap,,,20/08/2026 19:20
2c7f04a4-bdd0-49f0-8c0b-2ca0c56c7896,smyrna.movie,available,36.43,279.65,medium,low,6,spaceship,,,06/10/2026 16:07
6b3bcc3d-58b3-423e-b6c4-276c507427aa,nazi.expert,available,8.98,82.48,high,low,4,namecheap,,,03/09/2026 13:40
14183014-e417-4e9f-b7ca-e4624019dcaa,kafka.forex,available,13.5,,medium,low,5,unstoppable,,,04/10/2026 11:49
87f85481-f38b-490b-81b3-53700c2df245,bsd.car,available,1999.99,2199,high,low,3,namesilo,,,03/10/2026 03:23
174bac72-1faa-4f8d-838f-250d4b46e07c,dupree.kiwi,available,21.28,21.28,medium,low,6,dynadot,,,02/10/2026 10:30
b344fea2-9bdc-4a83-8fa7-130c4fbd341b,mens.dad,premium,249.2,,medium,low,4,unstoppable,,,05/10/2026 08:17
eeed3b9f-9810-4e25-a91f-52fb2ce6a1cd,twine.cat,available,18.83,25.04,medium,low,5,spaceship,,,30/09/2026 01:53
1e1d082a-bdf9-4ae3-94f6-63bf0c5e8fc8,wholly.navy,available,33.32,33.32,high,low,6,spaceship,,,05/10/2026 14:58
33dae12a-a1a4-4676-9e70-dae966eff118,aqua.jetzt,available,23.99,23.99,high,medium,4,namesilo,,,19/09/2026 22:48
0d45bb62-c078-455b-b699-bca0c3749c27,spaced.blackfriday,available,114.99,114.99,high,medium,6,namesilo,,,10/09/2026 15:03
4d699a96-90fb-46cb-b344-e0837e8bf7be,cooked.ceo,available,10.19,129.99,high,low,6,namesilo,,,23/09/2026 22:56
d1e0d00f-3d44-4c21-8c6c-45760de1d374,omer.health,available,3,64.42,high,low,4,dynadot,,,05/10/2026 02:13
8ecb6aeb-27a0-45ca-b54b-37aa0f574d26,fierce.trading,available,21.98,27.98,high,low,6,namecheap,,,23/09/2026 01:48
3a3e8ff0-a6e7-415e-aef5-030af59f02a0,tarawa.sex,available,69.98,154.98,medium,low,6,namecheap,,,21/09/2026 19:26
92de9a0e-ae71-4433-8796-fc9f553de755,bowden.auction,available,3,30.18,medium,low,6,dynadot,,,02/10/2026 20:08
15236d7f-5dc8-4cfe-9469-72f44385bf97,pmc.lgbt,premium,650,650,high,low,3,namecheap,,,03/10/2026 14:13
5834344b-540b-4e31-9f54-b68426bae431,eileen.rich,available,94.99,1999,medium,low,6,namesilo,,,26/09/2026 03:31
44ca96a2-cd78-42e4-9e25-3e5cac8e3a2e,enroll.actor,available,16,,high,low,6,unstoppable,,,30/09/2026 18:26
d71b3a08-0ab3-461d-b2b7-1865c4d547b4,vase.diamonds,available,54.99,54.99,high,low,4,namesilo,,,28/09/2026 11:03
6453377d-a0af-44b7-bc94-6872ca2d8482,fax.horse,premium,512,29.5,high,low,3,namesilo,,,28/09/2026 14:07
04b09019-ed94-4e82-8912-b6a11bd4266d,abbot.vodka,available,33.98,43.98,medium,low,5,namecheap,,,16/09/2026 14:31
1528582b-6848-471c-b8c2-f4e04b123e4f,spun.theater,available,65.99,65.99,medium,low,4,namesilo,,,29/09/2026 15:59
2cbc949e-0c9a-47dc-b564-d3ece4d99987,naif.theater,available,65.99,65.99,medium,low,4,namesilo,,,03/09/2026 12:52
d0e6f8a1-37b3-4305-9569-e6907f4590e9,razed.mortgage,available,14.99,81.99,medium,low,5,name.com,,,14/08/2026 01:24
382a32a0-8d3c-4de1-900e-8bb4fe817f85,kissed.gifts,available,36.99,36.99,medium,low,6,namesilo,,,28/09/2026 04:54
69d6a41d-f7cd-43c3-9249-5c39b45d6f88,ted.deals,premium,68.51,68.51,high,low,3,spaceship,,,30/09/2026 12:54
32474261-a8ba-45c9-bdd2-0a02e13c64f9,wooing.viajes,available,35.18,35.18,high,low,6,spaceship,,,05/10/2026 11:10
7d700ab8-35d1-41ac-a670-a9f919f12a73,rfid.tax,available,7.96,54.02,high,low,4,spaceship,,,02/10/2026 01:54
17dfe9dc-fc78-49a0-aefa-72e7490f6755,spout.vip,premium,750.5,,high,low,5,unstoppable,,,03/10/2026 01:05
25550862-75d4-4c91-8336-7f8d03b4ad20,wilkes.delivery,available,6.75,61.99,medium,low,6,namesilo,,,27/09/2026 12:29
2ee697b4-2d23-4914-9283-9a6701b2a85c,paleo.locker,available,6.88,37.99,high,low,5,namesilo,,,06/10/2026 19:02
e4d657c7-bd07-4737-81bf-1fb6bbb1b8d7,cleve.villas,available,59.99,59.99,medium,low,5,namesilo,,,03/10/2026 14:04
6c1dbac5-bb66-4f0b-acd7-aeb3bd0a9ca5,pint.observer,available,9.2,9.2,medium,low,4,cloudflare,,,29/09/2026 12:06
9453e675-3a25-49c5-9784-993f5679d3c2,kuna.express,available,12.49,39.99,high,low,4,namesilo,,,06/10/2026 06:34
56d63b9e-8a72-42fd-bc5f-1a9b51f4947b,andrei.company,available,2.5,17.34,high,low,6,dynadot,,,28/09/2026 04:07
02d09cb1-bfda-4a2e-b9c9-3c133a990499,madden.quest,premium,2070.2,2070.2,medium,low,6,spaceship,,,06/10/2026 14:56
c04b9dc3-6e4c-4cc7-9c97-cc8d9812e90f,vor.win,premium,640,77.35,medium,low,3,namesilo,,,30/09/2026 03:38
8f24bff0-d181-4fc9-bfe4-444efee960ae,ilona.football,available,20.9,20.9,high,low,5,spaceship,,,05/10/2026 18:29
738e8af3-65d9-40a4-838e-dc9194ffd04f,glc.ltda,available,34.99,34.99,high,low,3,namesilo,,,03/10/2026 14:32
5f4cfa85-d0bf-41d9-a02c-2df2e5933410,eminem.ink,available,2.99,32.49,high,low,6,namesilo,,,03/10/2026 04:12
a81f31d0-36c3-4e2f-b2f1-1af25ad8f419,turku.vision,available,45.99,45.99,medium,low,5,namesilo,,,30/09/2026 20:48
e0131121-61b1-4a04-9b45-e2681029a492,mythic.hosting,available,309.99,429.99,high,low,6,namesilo,,,03/09/2026 12:29
d14f4194-f5bb-4c6d-9892-0111af5b77fa,prays.tel,available,10.62,10.62,medium,low,5,namesilo,,,03/10/2026 08:17
323ebb38-db62-46eb-b444-fb711dcd15b6,pious.garden,premium,104,32.5,high,medium,5,namecheap,,,08/09/2026 19:57
dbc4847e-25e9-49a6-8305-510307dc6516,marr.software,available,10.55,33.32,medium,low,4,spaceship,,,29/09/2026 10:01
f6324d46-2128-430b-8469-215e1f4c43a6,bead.football,available,20.9,20.9,high,low,4,spaceship,,,29/09/2026 01:38
3a608b16-e82b-40a6-96de-b9cd0c8d4067,craps.charity,available,6.41,22.39,medium,low,5,spaceship,,,06/10/2026 14:55
06d33acd-35da-4530-a5c6-d8bacd4db1e8,pawky.blackfriday,available,114.99,114.99,medium,low,5,namesilo,,,08/09/2026 10:57
9af7ea31-4ae6-44b5-ac83-484a61624d88,konya.ventures,available,5.38,47.81,medium,low,5,spaceship,,,05/10/2026 19:07
72283282-5e2b-4b98-9eaf-ceec0d382797,riots.me,resell,,,low,low,5,,,,29/09/2026 05:50
32ebb159-2545-4c48-8488-3ab94e9c645d,agnes.financial,available,23.99,58.99,high,low,5,namesilo,,,25/09/2026 14:30
6d782068-b34c-489b-829f-662461ca1566,marshy.melbourne,available,44.98,53.98,medium,low,6,namecheap,,,10/08/2026 17:03
400e0733-8260-4e56-b210-c27ab72cd53d,fulgid.cruises,available,56.99,56.99,medium,low,6,namesilo,,,05/10/2026 10:46
04e9aac2-fbb4-40fb-b951-c3ec52382e88,piping.insure,available,72.99,72.99,medium,low,6,namesilo,,,10/09/2026 19:43
37e979ea-6b78-4b25-a233-dc3f8721729d,oengus.flowers,available,64.99,114.99,medium,low,6,namesilo,,,17/09/2026 12:31
21dfcbdc-20f3-45b1-b456-824e9b39ecbe,berra.gifts,available,36.99,36.99,medium,low,5,namesilo,,,23/09/2026 10:04
a161f0db-f6e3-4d9e-ba6c-4512d2826883,pets.name,resell,,,low,low,4,,,,28/09/2026 08:51
5fd71cff-6c2e-4e56-a2c6-7bb53dd2ac5c,salty.auto,available,2070,2950,high,low,5,namecheap,,,19/09/2026 11:13
984704fb-df42-4d20-aca5-5e80a4e19e7a,clegg.foo,available,10.2,10.2,medium,low,5,cloudflare,,,30/09/2026 16:44
87158b8f-4366-4d08-be5b-cffd899cdd0c,lamps.credit,available,80.2,80.2,medium,low,5,cloudflare,,,29/09/2026 11:04
cf778a43-a94a-47e9-83f3-71fbf0d6c06e,erisa.bond,resell,,,high,low,5,,,,02/10/2026 19:27
cdad2a3b-89aa-4d93-952c-4deb5018385b,reggae.exposed,available,17.8,17.8,high,low,6,spaceship,,,02/10/2026 06:14
0dec5f5e-2756-430a-9c05-4c9b0d623b2e,burnt.cheap,available,8.99,36.49,high,low,5,namesilo,,,23/09/2026 11:41
4e4fa549-d827-4c8e-a879-8e104386f6bc,awful.sex,available,69.98,154.98,high,low,5,namecheap,,,22/09/2026 15:06
a7547c0a-86f3-4f6e-b5ed-25eac0271db9,justus.energy,available,15.99,114.99,high,low,6,namesilo,,,29/09/2026 22:14
5edd1ad6-112e-4483-8f3c-4b034f718765,sooner.tech,resell,,,high,low,6,Xin Net Technology Corporation,24/07/2019 19:40,24/07/2027 23:59,26/09/2026 09:09
b82579bd-80ea-4c0d-b305-9389ff9e525b,leith.vin,available,8.5,,medium,low,5,unstoppable,,,28/09/2026 16:45
5181529b-4282-48e3-a59e-3667ef94cd6e,loeb.ing,available,10.55,10.55,high,low,4,spaceship,,,28/09/2026 02:11
7347f807-50d3-4a9c-ba28-a7db882750db,kde.equipment,available,22.97,22.97,high,low,3,spaceship,,,06/10/2026 06:28
670e1979-ff2f-4261-967e-a9d71664b103,voiced.life,resell,,,high,low,6,"Sav.com, LLC - 5",11/03/2026 15:15,11/03/2027 15:15,26/09/2026 10:02
365d3632-99fa-40f7-ad00-ebe84825db74,fairly.maison,available,57.99,57.99,high,low,6,namesilo,,,24/09/2026 16:08
a43158c4-3463-45b2-9adf-af9ceb2fe255,sachs.lifestyle,premium,640,640,medium,low,5,namesilo,,,27/09/2026 01:53
e0220736-dfbb-4fc3-8d00-214387cb01f6,grader.land,available,5.38,33.32,medium,low,6,spaceship,,,05/10/2026 11:45
9f31d213-07e6-41f0-a05b-3c9d1db58b9a,jud.wiki,premium,103.7,103.7,medium,low,3,spaceship,,,06/10/2026 05:53
7081ac2d-f284-4e84-b003-4cf22f2f3817,ornery.hospital,available,55.98,71.98,medium,low,6,namecheap,,,13/08/2026 08:28
b4125501-85ae-4efb-8cbc-b497a95c8fec,picky.republican,available,5.98,43.98,high,low,5,namecheap,,,18/08/2026 05:00
f4147865-654b-4927-8757-97544a2a42a5,nla.singles,available,3.31,27.11,high,low,3,spaceship,,,05/10/2026 08:53
f452a75c-c412-41ac-b1ea-a4ab4303a609,atoll.farm,available,4.98,49.98,high,low,5,namecheap,,,20/09/2026 21:52
cf6d3194-5edb-4fdc-be98-2964ea32ddeb,louche.viajes,available,37.99,37.99,medium,low,6,namesilo,,,24/08/2026 10:02
8facc918-b7de-48c5-8b17-8bb30ad6a618,beefy.tax,available,8.98,85.98,medium,low,5,namecheap,,,09/08/2026 07:49
857b7bbb-8577-4d48-8498-38f108b55973,wits.healthcare,available,93.98,111.98,high,low,4,namecheap,,,29/09/2026 14:09
78ac54d6-0d16-4bf2-aa27-9460c886bf7a,lava.systems,resell,,,high,low,4,,,,30/09/2026 02:19
67083114-efc5-4602-b851-0f8c5866f840,pecos.travel,available,15.96,118.95,medium,low,5,porkbun,,,29/09/2026 19:57
e61a760c-ecf5-47dc-b1e9-d120270c53c0,florid.markets,available,5.98,26.98,medium,low,6,namecheap,,,06/10/2026 15:41
73124ae3-0169-4d13-9294-a2aa1dc7b809,screw.diet,available,104.99,114.99,high,low,5,namesilo,,,18/08/2026 17:26
70c787e8-3de2-485a-884a-3056de3520b1,wintry.desi,available,19.98,22.98,medium,low,6,namecheap,,,18/08/2026 16:31
ab621ec8-9793-4577-ab21-0075a60d7a11,kicker.now,available,25,31.41,high,low,6,porkbun,,,30/09/2026 17:48
0977d82f-0098-4a11-8d52-c80485c5a95a,roarer.dev,available,10.99,14.99,medium,low,6,namesilo,,,22/09/2026 16:57
93fbc152-5585-4901-9c40-7c181b365884,orchis.art,premium,131.2,83.3,medium,low,6,namesilo,,,21/09/2026 23:07
cdea0cda-b998-4367-86b4-e065d1470797,melina.shop,premium,550,550,medium,low,6,dynadot,,,06/10/2026 11:22
5fd71faf-a033-49bf-9549-8acabd96db28,hebrew.storage,available,509.99,529.99,high,low,6,namesilo,,,21/08/2026 05:43
1973f216-bb02-4b2f-ae97-d56a82c23796,poorer.holdings,available,50.2,50.2,low,low,6,cloudflare,,,29/09/2026 23:56
bb61f0ff-5853-47d3-8e75-e2eeea9f48bf,sandi.reise,available,75.2,75.2,medium,low,5,cloudflare,,,05/10/2026 19:51
cfe84158-3bb7-4af8-ae45-96b769c03ab1,ects.cooking,available,33.98,43.98,medium,low,4,namecheap,,,05/10/2026 20:51
57bfb27f-c13d-4f94-b1ab-21fad9b24b19,crus.motorcycles,available,1.99,17.29,high,low,4,namesilo,,,06/10/2026 00:38
10e5aa19-5af0-4d44-8cf5-01fc40b15fa5,lia.jetzt,premium,42.9,42.9,high,low,3,namecheap,,,30/09/2026 20:33
80853a29-b946-4e86-9bed-b5aabc7436c3,larue.bid,premium,448,53.92,medium,low,5,namesilo,,,02/10/2026 08:03
df4c81a1-cb4a-4883-8fa3-d21ec094f1f2,hard.boo,premium,623.75,623.75,high,low,4,name.com,,,06/10/2026 05:39
dc19b1f3-da00-4053-a750-990351489d9c,achaea.gift,available,14.99,14.99,medium,low,6,namesilo,,,17/09/2026 00:27
68e45580-3346-48ae-8dba-a6b1dbfcc515,lela.engineer,available,31.25,31.25,medium,low,4,spaceship,,,06/10/2026 14:04
c345a021-3c3d-4920-b460-56a29ba7889b,mattie.consulting,available,7.45,43.67,high,low,6,spaceship,,,30/09/2026 04:29
b265bb90-7170-4b64-88e5-2d7d9a3c7a56,vichy.markets,available,5.38,15.73,high,low,5,spaceship,,,02/10/2026 17:07
96146ebf-220a-43f6-9a8d-d0b883912237,fir.trading,available,16.76,16.76,high,low,3,spaceship,,,04/10/2026 11:39
727f04aa-8b2b-42df-9a26-7e9b4c5a0a32,eyed.blog,premium,65,260,high,low,4,namecheap,,,17/08/2026 20:00
e0991b2f-e14c-4414-81f9-71d18b882d04,puku.hosting,available,310.98,437.98,medium,low,4,namecheap,,,17/09/2026 07:35
f521a1a3-ff02-4560-be8d-18427971e0f6,tweed.cricket,premium,,,medium,low,5,,,,02/10/2026 16:59
5e26e1ca-7fc1-4314-ba3e-ebd7620a08fb,albers.motorcycles,available,1.99,17.29,high,low,6,namesilo,,,18/09/2026 02:34
17b35782-fbb1-4b5a-8204-22bae2945991,seu.courses,premium,517.7,517.7,high,low,3,spaceship,,,02/10/2026 18:33
f7159754-6b9a-48ef-ba7d-f3e6d780bb95,brake.works,premium,118.8,118.8,medium,low,5,namesilo,,,24/09/2026 08:06
c9dae4b7-c3ca-4283-840b-834618973765,colly.feedback,available,9.98,489.98,medium,low,5,namecheap,,,14/08/2026 09:17
a6b2749b-14b5-4e9c-953d-3ace0aeebdd0,snipe.bargains,available,17.99,26.49,medium,low,5,namesilo,,,05/10/2026 01:40
8860c70b-13c1-4942-86f0-a62120d9465d,norma.democrat,available,7.25,32.99,high,low,5,namesilo,,,28/09/2026 14:58
604e437c-0057-49fb-aa76-321f040ad1eb,lse.xxx,available,69.98,154.98,medium,low,3,namecheap,,,02/10/2026 10:00
68367c68-4c9c-4e8f-a805-31af53120338,helene.bingo,available,8.24,44.09,medium,low,6,dynadot,,,28/09/2026 12:07
b4faa910-c02b-4530-85ff-892246d6c9c7,ecc.guide,available,33.32,33.32,high,low,3,spaceship,,,01/10/2026 19:18
d722175e-ebc8-4a09-bbd9-e1d3543a1e59,unfair.observer,premium,11.8,11.8,medium,low,6,namesilo,,,28/09/2026 09:45
b7ef717e-23ec-4939-93e3-489080fed479,civil.how,available,20.84,20.84,high,low,5,spaceship,,,06/10/2026 04:50
b6d1f066-3f0a-48ca-885d-0ff228a48688,probe.solar,available,64.99,64.99,high,low,5,namesilo,,,05/10/2026 10:14
a9fef23d-1c0c-40a1-ba36-30b99ac843b9,honour.camera,available,58.99,58.99,high,low,6,namesilo,,,16/09/2026 22:47
0189fa4a-ee66-4e4c-9dbd-0ea725907c7d,yoshi.navy,available,109.99,109.99,high,low,5,namesilo,,,06/10/2026 20:47
951795ae-71a9-4d04-9711-1df66f8d124d,aleut.coffee,available,33.2,33.2,high,low,5,cloudflare,,,05/10/2026 13:19
d521a5e5-6a3c-488e-a289-8b59cd5ae24a,oldies.actor,available,34.2,34.2,medium,low,6,cloudflare,,,06/10/2026 10:21
81faed21-425f-44ee-943e-a2e98689caa9,fished.cafe,available,5.38,41.6,medium,low,6,spaceship,,,01/10/2026 00:50
e3da493a-32cf-487a-8bd6-7d6c109beadd,brusk.fast,available,29.49,29.49,medium,low,5,namesilo,,,11/08/2026 07:03
aae4b7c2-38e3-44d7-98ab-d21d4cf77b27,barbe.loans,available,20.99,116.99,medium,low,5,namesilo,,,06/10/2026 03:45
ab7a1cdf-1118-4513-a673-4396d628a2be,fur.cam,premium,512,16.52,high,low,3,namesilo,,,27/09/2026 04:05
316025a2-0a7b-4d34-b909-a9658c6c13ff,bohr.hiphop,available,27,,medium,low,4,unstoppable,,,29/09/2026 18:01
5bab9d48-be27-4bba-a133-3bb67f5859e0,gaeta.guru,available,2.98,54.98,medium,low,5,namecheap,,,05/10/2026 19:10
6d6c3505-28d7-4d23-86bf-a2772ebbca7a,lunacy.forex,available,13.5,,medium,low,6,unstoppable,,,04/10/2026 23:37
d3b6eb08-60b1-47e2-af05-a459c66d6676,reader.holiday,available,50.2,50.2,high,low,6,cloudflare,,,30/09/2026 02:38
56c2eaa8-5364-4061-b2f9-079f50ed4665,deport.accountant,available,20.88,20.88,high,low,6,spaceship,,,04/10/2026 11:33
4b882116-789c-4398-910a-c9e7906d1a91,bag.realty,available,88.18,289.16,high,low,3,spaceship,,,05/10/2026 20:46
d0b6ea78-5f03-4991-8089-c59141718218,fenn.haus,available,14.99,33.99,medium,low,4,namesilo,,,02/10/2026 00:40
85e3485b-fe3f-48f6-b0eb-2153a4729f95,joker.sexy,premium,11000,11000,high,low,5,dynadot,,,28/09/2026 19:34
884c9bd1-cdec-46fe-a7d3-19c3b8987c3f,orme.dance,available,10.48,36.98,medium,low,4,namecheap,,,02/10/2026 20:23
bc2ea5f0-cf01-439f-85a2-94efd0e6700a,nou.institute,available,7.72,22.14,high,low,3,porkbun,,,03/10/2026 16:51
c1730f31-2c1f-436e-ac06-48736e47d48e,gratis.tech,available,,,high,low,6,,,,
413db159-e276-414e-be8d-9d8c5ff83f67,whimsy.accountant,premium,455,65,high,low,6,namecheap,,,20/09/2026 00:42
70d29f0d-3450-47e0-9f88-a981ba285b3a,fame.adult,available,51.95,98.53,high,low,4,spaceship,,,06/10/2026 13:23
3337d00e-5676-4987-81a9-7a4068a15ca8,arity.events,available,15.99,45.99,high,low,5,namesilo,,,20/09/2026 06:02
e87a033b-05e5-47eb-9083-ec6ab7ef1a44,styles.audio,premium,715,715,high,low,6,dynadot,,,28/09/2026 22:23
1cfda3ed-29bf-4916-91e4-1b0da6b72af2,loring.fans,available,4.18,8.46,medium,low,6,spaceship,,,06/10/2026 23:24
445798f4-c661-42e8-976a-4485707606f4,ruse.online,premium,162.5,650,high,low,4,namecheap,,,20/09/2026 11:33
44f5c807-f964-4b51-a83c-81276e37e08b,attic.vana,available,2070.2,2070.2,high,low,5,spaceship,,,06/10/2026 15:15
f4798370-e0e8-462d-a038-03dfa2280ce8,sols.vodka,available,32.49,32.49,medium,low,4,namesilo,,,07/10/2026 03:00
d4e81670-87ab-464d-a430-f6d3f46aaa50,sharpe.ventures,available,20.99,59.99,medium,low,6,namesilo,,,26/09/2026 03:16
fed4848c-38c1-4b71-ab18-461210f2cc20,evelyn.miami,premium,47.2,21.24,high,low,6,namesilo,,,25/09/2026 14:39
d784babf-0ffa-41ee-829a-dbe3383ba88b,zorro.company,available,16.76,16.76,high,low,5,spaceship,,,04/10/2026 14:06
2b123e14-575a-4683-bff0-00e75761efee,lbj.associates,available,18.99,38.99,high,low,3,namesilo,,,04/10/2026 12:27
5ec75e7f-73c9-44ae-850d-4408c490dc9a,lorna.makeup,available,1.24,13.97,medium,low,5,spaceship,,,29/09/2026 15:29
7494cbe4-f9cf-4090-a154-d0930796e109,dcc.cheap,available,8.99,36.49,high,low,3,namesilo,,,03/10/2026 14:35
29413895-4020-446b-bf83-00ff854a1bf4,ponzi.enterprises,available,11.49,35.99,high,low,5,namesilo,,,04/10/2026 15:30
efc7b935-bfaa-4314-93af-3ef705cbdf0d,goliad.exposed,available,20.55,20.55,medium,low,6,dynadot,,,07/10/2026 00:04
ecbc3a3a-d2de-45ed-9d3e-6ec53a1041cd,uneven.lease,available,56.99,56.99,high,low,6,namesilo,,,04/09/2026 00:48
c8e0b434-f896-4785-8d66-467edd58c4a0,wires.investments,available,100.2,100.2,medium,low,5,cloudflare,,,28/09/2026 04:36
2a5a3a59-a37b-4251-a433-3518d0420ec1,curie.hot,available,51.99,51.99,high,low,5,namesilo,,,12/08/2026 08:00
635ef664-70cf-440b-9bc4-510b2fd1ef87,wimp.car,available,2070,2400,medium,low,4,namecheap,,,24/09/2026 19:54
3c1b9a67-8c7f-416f-9681-c541b6881fac,bellis.gripe,available,6.99,6.99,high,low,6,namesilo,,,23/09/2026 06:15
3994672c-63dc-45a5-8cfc-ede31af731b2,rost.golf,available,4.5,60.14,high,low,4,dynadot,,,06/10/2026 18:41
3476180f-e7a9-4657-b808-bb688cdc884e,bette.coach,available,10.55,62.3,medium,low,5,spaceship,,,29/09/2026 15:28
f4d8a1c2-eeda-4c6d-a276-6616a73171d9,sexy.tennis,premium,85.8,85.8,high,low,4,namecheap,,,22/09/2026 07:13
ce3ac3fe-ef94-4f07-89f3-de8df5dd68bb,grampa.app,available,,,high,high,6,,,,
b84fc966-9ed2-426d-b3d3-400d6f4b84cf,belt.computer,available,17.8,31.25,high,low,4,spaceship,,,28/09/2026 13:21
c9cb0117-3e70-4544-bdff-413d68faf267,eddy.foundation,available,11.99,23.01,high,low,4,dynadot,,,01/10/2026 01:49
4416682d-703a-488b-acef-08e506b9c4e2,older.reisen,available,3.99,20.99,high,low,5,namesilo,,,21/09/2026 22:32
7426596c-8b8b-47ff-842c-135c08e32d69,runner.melbourne,available,44.98,53.98,high,low,6,namecheap,,,21/09/2026 22:22
745cbc59-819d-4ba9-997f-ace6a5756167,aziz.investments,available,6.41,103.7,high,low,4,spaceship,,,28/09/2026 07:37
45b7e335-6831-4d66-9559-1e2b634cc338,biomes.gripe,available,6.98,8.98,medium,low,6,namecheap,,,06/10/2026 13:43
3395e427-5f0d-4953-8ad9-ba5e1dd998dc,ctv.uk,resell,,,high,low,3,,,,01/10/2026 22:19
2b84b46d-042c-41ab-81a1-c825185a7771,swingy.shoes,available,34.98,81.98,medium,low,6,namecheap,,,23/08/2026 09:29
526ac7ea-fa1d-4946-8c6c-2256953a1364,kauai.memorial,available,41.6,41.6,high,low,5,spaceship,,,29/09/2026 13:15
066f62c9-16a6-4a35-9594-00b4fd0e849f,silla.delivery,available,2.27,49.88,medium,low,5,spaceship,,,30/09/2026 21:36
d556186c-9108-4b82-be87-b8d6d54e4a0d,dishes.vet,available,41.99,41.99,medium,low,6,namesilo,,,27/09/2026 02:34
6b4d2f4d-1d52-46ac-9f0c-1f73935a038e,cowell.loan,premium,448,53.92,medium,low,6,namesilo,,,29/09/2026 22:25
c34d1222-95a3-43e1-a235-32d671c757d8,bleed.auto,available,1999.99,2199,medium,low,5,namesilo,,,28/09/2026 14:26
d899eb59-cc49-48b1-8938-7160f14e71ac,ury.watch,available,34.2,34.2,medium,low,3,cloudflare,,,07/10/2026 00:29
78229a71-2020-4150-ac99-5d94b8d3b2b1,loth.prof,available,25.98,29.38,medium,low,4,namecheap,,,24/08/2026 08:19
4f2c5c6d-9fad-4b5b-b667-a0dffbde3b0a,ibidem.band,available,17.48,39.98,medium,low,6,namecheap,,,15/09/2026 01:34
e458519a-5b4f-40ca-b4cb-32b41a46247d,gaon.gay,available,1.75,31.28,high,low,4,spaceship,,,30/09/2026 19:42
0c2e669a-e0a0-4348-b663-98e4d09af703,pkc.viajes,available,37.99,37.99,medium,low,3,namesilo,,,06/10/2026 11:31
61a5562b-c814-45ff-a451-05da479562b0,priest.men,available,5.25,6.25,high,low,6,namesilo,,,27/09/2026 04:53
eecc5e9c-df59-4d97-bd2b-d6a2b77a86fb,kang.storage,available,500.2,500.2,medium,low,4,cloudflare,,,28/09/2026 11:38
465273b6-31bc-484f-872d-7afb8ce22799,chants.com,resell,,,medium,low,6,"GoDaddy.com, LLC",06/02/1998 05:00,05/02/2028 05:00,03/10/2026 09:32
3f20854c-5359-44ab-8c50-8fb6aadbeaff,hangul.clothing,available,32.99,32.99,medium,low,6,namesilo,,,06/10/2026 03:50
bdfd67fa-00bc-46a0-8eb0-274449d0b9bc,carlin.llc,available,14.99,42.99,medium,low,6,namesilo,,,03/10/2026 22:15
029db0f8-d590-4ed5-a6ea-cf5e3ce54b6b,sto.vc,available,32.98,41.98,high,low,3,namecheap,,,02/10/2026 11:55
ed649664-d104-4c42-b90a-0b52d760a0da,kiran.land,available,5.38,33.32,high,low,5,spaceship,,,04/10/2026 01:43
01fbad66-9e3a-4f0c-900c-7a3529cd6723,scant.vip,premium,224,17.7,medium,low,5,namesilo,,,09/09/2026 22:36
5029292c-c3f3-486e-8f3f-e66c6b527841,patter.cooking,available,33.98,43.98,high,low,6,namecheap,,,15/09/2026 20:21
a36d1e4f-0f8b-4f6d-a1f4-2dc1fcd2df1b,darter.porn,available,69.98,154.98,medium,low,6,namecheap,,,19/09/2026 08:19
5e92fd25-5319-4ca4-b054-76ec4ad1eb69,corpus.jewelry,available,10.92,53.72,high,low,6,dynadot,,,30/09/2026 16:48
c150646f-d9db-41e4-9b8e-eb78d1b1212f,convoy.vacations,available,38.99,38.99,high,low,6,namesilo,,,28/09/2026 13:45
89ab68dc-dd01-4663-a37e-02e96f4b8462,odin.la,resell,,,high,medium,4,,,,02/10/2026 16:14
a2f6ec3b-0468-4207-8a26-8b8f8d95ac87,gratz.living,available,5.49,39.99,high,low,5,namesilo,,,05/10/2026 03:42
945779a2-91ac-4202-8601-08553806b749,nankai.vet,available,41.99,41.99,medium,low,6,namesilo,,,07/10/2026 00:39
271c7791-6feb-4508-8dcb-aa57664bb44d,rough.luxury,available,26,26,high,low,5,spaceship,,,06/10/2026 03:12
5bb01ea2-23a1-4d09-a51e-0ed7c4c5224e,keyed.nyc,available,6.98,43.98,medium,low,5,namecheap,,,22/08/2026 15:42
6721bb7b-aad0-48a0-9152-8d22c2dac261,prune.boats,available,1.99,17.29,high,low,5,namesilo,,,03/10/2026 01:51
0f03ac82-fdd6-413c-ade6-6a0a7de833df,keyed.family,available,9.99,50.99,medium,low,5,name.com,,,22/08/2026 15:42
1b981686-4021-41a5-9ddf-e459f708cccf,fence.vodka,available,26.08,26.08,high,low,5,spaceship,,,29/09/2026 19:13
cae62703-67eb-4c36-b73c-3c8969322f9b,carven.meme,available,12.98,15.98,medium,low,6,namecheap,,,11/08/2026 19:59
30f759fb-f6d1-4f9e-a031-57c849ccf7b8,bump.lease,available,56.99,56.99,high,low,4,namesilo,,,29/09/2026 05:15
3d002a0f-511c-408a-b15b-27f5d0da2ddc,talent.catering,available,31.25,31.25,high,medium,6,spaceship,,,29/09/2026 18:11
c28a2750-d14d-4d22-89ac-785f960430ce,fizz.doctor,available,5.38,93.35,high,low,4,spaceship,,,06/10/2026 15:24
9f512619-6cae-4775-aa04-eac3b01d8114,cyst.holdings,available,51.95,51.95,medium,low,4,spaceship,,,03/10/2026 00:23
5c72a986-ff26-4acf-8b20-ec57b9f23a1b,espoo.tech,available,6.64,52.65,high,low,5,dynadot,,,03/10/2026 19:53
d4cb4464-e739-4735-a831-37d977d3bd2e,duke.horse,available,26.08,26.08,high,medium,4,spaceship,,,29/09/2026 17:06
3f9673bf-5e24-400b-bcab-b12595f309c2,sells.photos,available,15.99,29.99,high,low,5,namesilo,,,28/09/2026 03:41
0d12a685-cefe-49e8-ac4e-5567b1b99a0d,berea.rich,available,94.99,1999,medium,low,5,namesilo,,,01/10/2026 12:24
cd69d301-82c4-43c4-a9e4-17e00b2d726b,melody.doctor,available,13.5,,high,low,6,unstoppable,,,28/09/2026 02:24
120ac58c-d31a-4ecf-b1a3-e7ac4c9359a2,lvi.boston,premium,47.2,21.24,high,low,3,namesilo,,,04/10/2026 17:58
8f046197-32fa-47fe-b854-fccb912523c0,piglet.kim,available,12.99,23.49,high,low,6,namesilo,,,19/09/2026 22:30
0d24b6a5-a556-4cb4-a740-eb6814e29ad1,hsv.spot,premium,1035.2,1035.2,high,low,3,spaceship,,,30/09/2026 23:44
04225359-70cf-4601-a332-dfad1883daf4,abroad.productions,available,10.99,40.49,high,low,6,namesilo,,,21/09/2026 14:31
2fdf962a-9a20-4bce-9743-c6017bbdcec1,lied.soccer,available,25.99,25.99,high,low,4,namesilo,,,25/09/2026 08:58
b2e0dcd2-8e0d-46c4-8ff2-2d2bdfd348f5,clef.deal,available,38.99,38.99,high,low,4,namesilo,,,24/09/2026 15:30
70f43a81-565c-419e-a28e-e49b1acb93cb,mingy.gifts,available,14.99,46.99,low,low,5,name.com,,,24/08/2026 23:43
cc400a99-f655-4b11-a5c3-e093bf4e5522,talon.shopping,available,8.24,24.83,high,low,5,dynadot,,,04/10/2026 13:17
5f674089-3ab1-4708-8a6e-479b0587798b,razz.express,available,12.49,39.99,medium,low,4,namesilo,,,21/09/2026 19:47
115d9aba-2644-4c34-b038-20e24a307b1d,kbs.mov,premium,61.27,61.27,high,low,3,spaceship,,,03/10/2026 17:06
5a9673e6-b850-4ece-8a84-1b3e3fc2b899,hut.protection,available,1999.99,2049.99,high,low,3,namesilo,,,20/09/2026 07:59
6c99fa66-983c-4c8d-9d3c-3532c0dbab3b,young.fishing,premium,41.6,26.08,high,low,5,spaceship,,,28/09/2026 09:49
da2f4170-9d5a-433f-889a-d77904c2fc2e,rodent.computer,available,18.02,31.41,medium,low,6,porkbun,,,29/09/2026 19:04
10f2a2da-5cba-443e-8441-ff35fb9aa9b4,needed.voting,available,1398,1448,high,low,6,namecheap,,,03/09/2026 14:49
fe4b0c6b-02a9-46b2-9e5e-493bf31538a4,muriel.xxx,available,95.2,95.2,medium,low,6,cloudflare,,,28/09/2026 12:06
a27341f3-57f7-4658-b397-6df0078d92dc,labors.qpon,available,2.19,11.49,medium,low,6,namesilo,,,06/10/2026 11:39
b3b78ba1-0fc3-43c4-bc65-31b483e2689d,score.ltda,available,30.18,30.18,high,medium,5,dynadot,,,04/10/2026 18:31
c172f6cf-9275-4ae5-9cdd-7cc271e56b75,hannan.vision,available,36.43,36.43,medium,low,6,spaceship,,,03/10/2026 06:12
6692a055-9fb3-4d8d-8e17-ae95f464b56d,haines.hot,available,51.99,51.99,medium,low,6,namesilo,,,28/09/2026 04:08
34288ab8-4913-422b-8078-664f9ec91ccf,pliers.protection,available,2060.25,2060.25,high,low,6,porkbun,,,03/10/2026 11:48
d9ab09da-f91a-46f0-9cb0-c6553455b614,momma.luxe,available,15.73,15.73,high,low,5,spaceship,,,04/10/2026 12:31
73dfa467-7b2b-416c-963d-59c29c84a9d3,fsb.rodeo,available,12.99,12.99,high,low,3,namesilo,,,30/09/2026 17:18
96372013-6417-43b4-b141-013b8267c0eb,pet.ski,premium,854,854,high,medium,3,namesilo,,,27/09/2026 06:59
54a75312-419e-4abc-b2fe-1e786a892d71,occurs.associates,available,30.2,30.2,medium,low,6,cloudflare,,,28/09/2026 17:56
e6d7d78d-d567-4f32-b096-65f006d7c2b9,eight.menu,available,27.99,27.99,high,low,5,namesilo,,,21/09/2026 13:20
8ea27033-2b83-49d0-bbfb-781801eb54c6,cluj.agency,available,3.5,25.9,medium,low,4,dynadot,,,02/10/2026 17:19
1973177e-4877-4081-a72c-db6a5d4d80ec,bst.mobi,available,3.82,41.6,high,low,3,spaceship,,,04/10/2026 16:22
65e36686-a2e7-4b17-8a4f-de0ba9f8da97,ridder.salon,available,44.2,44.2,medium,low,6,cloudflare,,,02/10/2026 18:20
66dc9514-29fd-469d-bffc-bb54f7f27bc4,fbi.racing,premium,116,116,high,low,3,namesilo,,,29/09/2026 06:52
166ff122-6cf3-4e5d-b0b9-397e5c4386c6,raises.tools,available,28.2,28.2,medium,low,6,cloudflare,,,29/09/2026 10:51
1dc90075-4e64-42a3-8e20-2593e4c738e6,petar.london,available,31.99,31.99,medium,low,5,namesilo,,,03/10/2026 03:56
334693ec-4986-4e90-9382-8b77fc851eea,deemed.security,available,1999.99,2049.99,high,low,6,namesilo,,,29/09/2026 23:04
15e36e99-d163-4e51-80f9-6ed4b1dbb16f,ect.repair,available,5.38,29.18,high,low,3,spaceship,,,30/09/2026 09:31
c9745d74-9104-4433-943d-3bf4add0dd66,lineal.chat,available,5.98,58.98,medium,low,6,namecheap,,,23/08/2026 14:16
88a3bb8c-629a-449d-800a-0355eeda5703,gutter.degree,available,52.99,52.99,high,low,6,namesilo,,,29/09/2026 12:59
9e67f91a-79a0-47a4-81aa-6ca69ce13c73,hut.barcelona,available,38.98,38.98,high,low,3,namecheap,,,20/09/2026 07:59
84fffc7b-3016-4a97-9cff-65a84c622726,floats.day,available,12.98,16.98,medium,low,6,namecheap,,,29/09/2026 23:46
312c026b-a372-4206-aac9-c033ae15538c,otho.studio,available,17,,high,low,4,unstoppable,,,03/10/2026 11:47
a74b6beb-fe44-4699-9896-84bfbd227cf6,ajuga.green,available,14.99,79.99,high,low,5,namesilo,,,17/09/2026 23:42
fac23121-445e-4d29-aaec-dd5c5e5349ea,buick.stream,available,4.32,5.35,high,low,5,spaceship,,,30/09/2026 12:46
6909eb08-c998-40bd-b33f-04af9024eac5,refuse.fail,available,38.99,38.99,medium,low,6,namesilo,,,27/09/2026 02:42
ed7f9406-55e9-4e0a-bac7-c4eb79631115,shu.deals,available,31.25,31.25,high,low,3,spaceship,,,27/09/2026 21:11
50eb6fc4-ad43-4953-8ff1-cf328fa5c22c,relish.hockey,available,59.99,59.99,high,low,6,namesilo,,,29/09/2026 21:47
0c0f709f-a63f-43f8-829a-55fddc0725dc,peng.marketing,available,8.99,41.99,high,low,4,namesilo,,,04/10/2026 14:28
051cf2ac-8485-46df-b0a2-f3eedd2879b0,ira.qpon,premium,546.35,22.31,high,low,3,porkbun,,,28/09/2026 14:31
5492ff86-a7ad-4a81-956b-a60ff4084636,layer.restaurant,available,11.98,81.98,high,low,5,namecheap,,,30/09/2026 02:26
58c0079e-f43d-4d5f-8805-c9c5cb57fa1c,merrie.soy,available,18.78,18.78,medium,low,6,spaceship,,,05/10/2026 06:57
aa7577d0-151c-4827-82ad-0b33c9495beb,rostov.shop,premium,640,640,medium,low,6,namesilo,,,30/09/2026 02:44
c389871c-1b6c-4f00-8ca5-1dda06a8b008,ecru.reise,available,27.89,97.99,medium,low,4,namesilo,,,09/08/2026 12:26
77d9b1e9-1cbe-4188-8526-ad973042cca3,ratios.gay,available,38.99,38.99,medium,low,6,namesilo,,,20/09/2026 23:23
c80e3508-dd69-4cd3-9a76-d3f29bb58786,movies.estate,available,15.99,38.99,high,low,6,namesilo,,,02/10/2026 21:58
048ab3e4-19e8-4fd5-b30c-078d62365d5e,midst.pw,available,3.99,24.49,medium,low,5,namesilo,,,11/09/2026 13:11
ebc16c2f-1a19-4eab-91c5-44229e6da574,vos.pro,premium,440,440,high,low,3,dynadot,,,29/09/2026 17:24
24e67b95-ec07-4497-af09-0a79f197f2b3,monk.forex,available,10.55,83,high,low,4,spaceship,,,30/09/2026 04:34
1cb10ff5-1882-4446-bb6b-7c82477fe730,cim.fm,available,67.98,87.72,high,low,3,spaceship,,,03/10/2026 10:05
07fc491f-217a-4ce4-853b-3d6830cb0abd,threes.services,available,13.5,,high,low,6,unstoppable,,,05/10/2026 23:41
090b2d40-0c36-47ff-9fda-f0519d309495,beroe.irish,available,5.98,31.98,medium,low,5,namecheap,,,23/09/2026 10:02
38bcf2fd-5393-4f35-96a2-f5b4f988212a,meps.faith,premium,448,53.92,medium,low,4,namesilo,,,03/10/2026 05:22
df5cd51d-88e2-4f61-9027-5b7f128de02f,wheat.cab,available,32.99,32.99,high,low,5,namesilo,,,28/09/2026 06:34
48391d2a-6f1a-41e3-af87-550908939de5,najaf.singles,available,9.49,33.99,medium,low,5,namesilo,,,05/10/2026 19:10
ef548eb9-33ce-4ece-932a-51a740f2ef22,fujian.gmbh,available,45.99,45.99,medium,low,6,namesilo,,,29/09/2026 09:46
e1eb2d0d-9678-4d78-881f-fabfdf46751f,dwarfs.qpon,available,2.19,11.49,medium,low,6,namesilo,,,02/10/2026 13:04
a4cc3b35-45c9-4342-9276-e7b96aedd361,tint.tools,available,7.45,29.18,high,low,4,spaceship,,,02/10/2026 16:59
0cced367-1da1-4e51-abff-d18648f905ec,anglo.poker,available,5.38,54.02,high,low,5,spaceship,,,06/10/2026 18:00
53ff89c3-d434-421c-a166-43b7588d5153,depend.qpon,available,3.49,9.72,high,low,6,dynadot,,,30/09/2026 18:33
6e460987-6d23-4b25-aa7c-0ac2f2f59349,badge.estate,available,6.98,52.98,high,low,5,namecheap,,,19/09/2026 15:56
1bbe6d4d-69f5-40cd-9d67-5e7b48ea84d2,termen.news,available,7.96,26.08,medium,low,6,spaceship,,,05/10/2026 16:48
222235be-871a-48c0-88eb-2b98d682dfa9,valor.taxi,available,10.99,62.99,high,low,5,namesilo,,,30/09/2026 17:26
3ff5cfae-558d-4351-ba87-73ec5be28a61,fop.co,resell,,,high,low,3,"GoDaddy.com, LLC",20/07/2010 18:07,19/07/2027 23:59,26/09/2026 06:11
12c90dc9-8ff1-4f34-a091-4ae9bdbfc2a8,mahony.news,available,25.2,25.2,medium,low,6,cloudflare,,,05/10/2026 06:42
a7950782-6777-45d3-a0ac-cb26622dccd9,duties.bike,available,5.38,31.25,medium,low,6,spaceship,,,27/09/2026 22:05
0385ce0b-8bcf-4a19-9665-c10ada10d97a,taipei.sex,available,51.95,98.53,high,low,6,spaceship,,,29/09/2026 07:03
2f1682a2-c6d1-4454-bf27-91975847d3e6,apidae.rehab,available,36.99,36.99,medium,low,6,namesilo,,,19/09/2026 17:24
a996e79e-dbed-4270-8bf3-f2e589fd4180,wind.ooo,premium,26400,109.98,high,low,4,dynadot,,,28/09/2026 10:39
b29187b8-9652-4d84-bc0b-87ac1e3c58ee,kao.irish,available,5.98,31.98,medium,low,3,namecheap,,,30/09/2026 13:44
2a13778c-fedd-4523-a421-1a5ff4a721c9,blunt.hamburg,available,69.98,73.98,high,low,5,namecheap,,,22/09/2026 23:15
5224dddb-7ec8-4f96-a399-fe8f34d688a5,kinks.download,premium,385,55,medium,low,5,dynadot,,,05/10/2026 21:11
0919c42a-5bb4-421d-9c4e-ad87f7399e6d,roll.cv,premium,1042.76,69.86,high,low,4,spaceship,,,27/09/2026 15:56
50cbaa45-1afb-4dae-90e9-1237e3c5c52d,yours.film,available,65.99,65.99,high,low,5,namesilo,,,02/10/2026 04:34
73d580aa-68d4-4a56-880e-998694b21394,rouge.surf,available,1.24,26.08,high,medium,5,spaceship,,,29/09/2026 07:59
b0b69c47-9ad8-429f-824b-9d31c81c9a2c,aloft.xxx,premium,483.6,483.6,medium,low,5,namecheap,,,13/09/2026 19:10
26209210-d0ec-424c-89d6-17c356424bbb,cosset.kids,available,6.79,19.99,high,low,6,namesilo,,,21/09/2026 13:00
54db927c-0d93-4907-91c5-e2570ab9e88a,cmb.racing,premium,116,116,high,low,3,namesilo,,,06/10/2026 00:21
15d764a3-709c-48e1-adcb-da69095f8c40,lonnie.voto,available,10.55,55.93,medium,low,6,spaceship,,,30/09/2026 13:21
3250eb26-961c-46f4-a921-361c5c3129af,blae.today,available,2.98,38.98,medium,low,4,namecheap,,,10/08/2026 12:24
89126c41-3a44-4e18-8373-aa1d70a399a7,lengua.srl,available,28.04,28.04,high,low,6,dynadot,,,06/10/2026 11:43
94c363b5-48fd-4f98-8aad-9cddfe078e87,sed.guide,available,41.49,41.49,medium,low,3,namesilo,,,05/10/2026 02:33
e61c0e72-4c35-42e8-9780-ee33b4e5a560,dodds.inc,premium,2061.5,2660,medium,low,5,namesilo,,,30/09/2026 05:40
ce2af8f7-2a7d-474c-b957-4f3f90ae13c4,aja.win,premium,,,high,low,3,,,,03/10/2026 23:45
5a479872-b400-4e2f-8e13-de62acb8f932,mapp.degree,available,52.99,52.99,high,low,4,namesilo,,,05/10/2026 22:34
cd04e05a-6231-4d3f-ba01-a3690bdacb54,hales.lgbt,available,14.99,79.99,medium,low,5,namesilo,,,05/10/2026 19:59
5c328a94-4ae3-4340-8966-149744a28c02,buxom.hospital,available,55.98,71.98,medium,low,5,namecheap,,,10/08/2026 20:28
229d94de-a16b-4175-90c5-6b8524df99c5,crappy.cool,available,5.98,50.98,medium,low,6,namecheap,,,13/08/2026 05:12
096393c4-517e-440d-93ab-a775ad72b1c1,hardly.melbourne,available,42.6,42.6,high,low,6,dynadot,,,27/09/2026 18:23
a6d407d5-8457-4810-8c71-09614a760bfc,lande.systems,available,18.99,34.99,high,low,5,namesilo,,,06/10/2026 05:32
5e3b735c-d9f0-4f2b-9396-25d2353e986b,sunlit.surf,available,1.98,43.98,high,low,6,namecheap,,,11/09/2026 01:59
c57bd17c-37e7-4727-a5a0-e8fdb2477a61,quash.osaka,available,32.98,41.98,medium,low,5,namecheap,,,13/09/2026 06:42
511bce9a-a9eb-493b-b514-27d00be5f149,espana.cash,available,12.99,38.99,high,low,6,namesilo,,,05/10/2026 11:28
3f04de18-e0aa-4fb8-a6b9-fe1e5af3f125,arame.fish,available,46.98,59.98,medium,low,5,namecheap,,,19/09/2026 23:56
4286d28f-b204-421f-8450-a2c04440631d,flying.makeup,available,1.99,17.29,high,low,6,namesilo,,,24/09/2026 17:17
39f59e79-6027-4735-bd63-f00bb806b278,step.tech,premium,647.08,2587.7,high,low,4,spaceship,,,28/09/2026 17:14
e8036012-b4a4-4e4d-8685-38ec9ec9e715,snob.lgbt,available,14.99,79.99,high,low,4,namesilo,,,03/10/2026 01:49
8be8408f-af51-43a1-9960-6f0dfd1eb845,mays.limited,available,28.2,28.2,high,low,4,cloudflare,,,03/10/2026 11:39
79dbc675-ddc0-41da-b2a0-b6cc3b9997db,bakery.forsale,premium,78.54,78.54,high,low,6,namesilo,,,05/10/2026 04:22
1a098683-8213-42b8-8c58-ac36ea1c36d0,acetal.maison,available,24.99,83.99,medium,low,6,name.com,,,16/09/2026 23:47
0870aa6f-a156-45b0-99cf-2cc3165c52c6,sct.training,available,15.99,41.99,high,low,3,namesilo,,,04/10/2026 17:06
24794530-6a68-4a2e-9309-69f345e9556a,tippy.yoga,available,32.49,32.49,high,low,5,namesilo,,,13/08/2026 04:55
fc7bffb8-6bba-4883-9dbe-0f24e400688d,wyler.systems,available,18,,medium,low,5,unstoppable,,,05/10/2026 14:22
74b02797-09df-4d0a-9038-ecb1f9061deb,utc.science,premium,640,77.35,medium,low,3,namesilo,,,28/09/2026 09:27
a6f3a8c0-02a9-4704-a31b-e4d4b78ecba7,ruston.supplies,available,24.99,24.99,medium,low,6,namesilo,,,03/10/2026 05:51
0f417026-bf1d-452a-96e7-545cfdc33e23,toad.surgery,available,54.99,54.99,high,low,4,namesilo,,,06/10/2026 00:15
87ffe0ef-68f2-4bf2-9263-1ff1d3db9ae9,ardor.gold,available,9.99,99.99,high,low,5,namesilo,,,20/09/2026 03:15
67205d8b-eed9-4c8d-8719-f46f4a9d54fc,bennie.eco,available,58.48,101.98,high,low,6,namecheap,,,23/09/2026 08:32
b5cbaa53-b21d-44e2-b8c4-9afc508d063d,mckim.eco,available,47.81,59.71,medium,low,5,spaceship,,,01/10/2026 18:57
e810b4a8-47c7-4274-92fb-431655bbc9f5,paired.cruises,available,14.99,81.99,high,low,6,name.com,,,04/09/2026 23:11
17e8fca0-9e86-4adc-bbe9-1f399c2301ff,sku.us,resell,,,high,high,3,"GoDaddy.com, LLC",13/05/2002 02:20,12/05/2027 23:59,26/09/2026 09:04
1c409cc5-0ad8-4b0f-8d44-2b0dfee5ad6a,puddle.earth,premium,29.5,29.5,high,low,6,namesilo,,,13/09/2026 09:43
db8931cc-ba06-4caa-afd6-877ce5c0bef7,rory.domains,available,42.99,42.99,high,low,4,namesilo,,,28/09/2026 03:38
2715b4c8-d3ad-4db5-9d61-e6c7a0dfd468,sumter.adult,available,95.2,95.2,medium,low,6,cloudflare,,,28/09/2026 12:23
76d5e52e-e49f-4c32-8903-56b8c765f952,kiefer.report,available,10.99,24.99,medium,low,6,namesilo,,,01/10/2026 23:57
cd43a654-58b8-4ff3-bcb6-992e38a7d6dc,lustre.space,premium,81.25,325,high,high,6,namecheap,,,27/09/2026 05:33
25cf3573-aaa7-41ae-baed-54ffcf31f7fc,soggy.red,available,9.48,28.48,high,low,5,namecheap,,,10/08/2026 17:14
2dff582a-6d19-408b-866d-e68aeafeae05,sale.site,premium,10000.2,13800,high,low,4,unstoppable,,,29/09/2026 13:09
6d4887e8-3d96-46c5-a6ef-0bc59b5d0a23,ssm.in,resell,,,medium,low,3,,,,05/10/2026 21:57
c351ce43-629b-4f3b-baa4-12171d565c9f,aib.nexus,premium,,,high,low,3,,,,06/10/2026 20:12
9604759d-5ed8-4159-a284-ec7b861e3d4b,almaty.so,available,,,high,low,6,,,,
f1d0f025-dbe4-42bb-9a5b-d15c2f559889,pears.giving,available,6.41,22.39,medium,low,5,spaceship,,,02/10/2026 20:19
42b5a740-022a-48e0-b45e-86adac1b00e2,rudra.place,available,22.98,30.98,high,low,5,namecheap,,,05/10/2026 13:36
c72cd75a-f6f9-45d2-9b94-5b854cf2b5e9,varro.talk,available,41.98,46.98,high,low,5,namecheap,,,04/10/2026 12:33
37556c99-688a-4ea6-b6f2-1e071c628bf3,olga.boo,premium,76.7,76.7,medium,low,4,namecheap,,,27/09/2026 01:37
4ba370cc-c7bb-4fe0-a14a-dd24277896cd,raaf.promo,available,14.49,24.99,medium,low,4,namesilo,,,02/10/2026 08:31
23e52464-3018-496c-84b9-dd3c5eabe307,corked.paris,available,65.99,65.99,medium,low,6,name.com,,,13/08/2026 01:20
d3c93e2f-cfc0-4394-972b-d6ae7be3fbd6,cerium.forex,available,11.98,133.98,medium,low,6,namecheap,,,14/09/2026 06:07
54c73bd1-b064-4e4e-8592-b661fc8c2eb9,paces.club,premium,32.5,19.5,medium,low,5,namecheap,,,02/10/2026 12:26
9c726c2c-ef1f-4450-b268-b136ebe4f882,viable.cruises,available,14.99,81.99,high,low,6,name.com,,,17/08/2026 16:52
556db081-3491-403c-917a-298419f41eb1,cue.homes,resell,1.99,17.29,high,medium,3,namesilo,,,29/09/2026 13:01
91c61094-1627-4418-babb-63e7d7e8d4a1,cow.management,available,20.9,20.9,high,low,3,spaceship,,,29/09/2026 11:54
542f1ef6-6626-45a2-a5c8-7a52313a49dd,slain.onl,available,3.48,28.98,medium,low,5,namecheap,,,10/09/2026 09:53
f5da4144-8b09-468c-a7f8-35614c8df823,jansen.tattoo,available,2,32.32,medium,low,6,dynadot,,,28/09/2026 18:46
adc56782-753f-47bd-83ca-ad26bf52b9f1,bahia.business,available,19.49,19.49,medium,low,5,namesilo,,,27/09/2026 18:32
5c9d17c5-419c-48b9-85f3-2bc48295970c,ve.xyz,premium,1035.2,1035.2,high,low,3,spaceship,,,30/09/2026 21:19
32db9cbf-bb71-434f-81ac-d3caad049f5d,uncut.gift,available,14.99,14.99,high,low,5,namesilo,,,12/09/2026 06:52
e5ea8f17-97d3-4aca-bdf0-a03a491e7abc,ema.sexy,premium,34500,34500,high,low,3,namesilo,,,01/10/2026 16:52
2364fe5b-ac00-45aa-bd6e-34310484f7d1,buccal.capital,available,8.98,89.98,medium,low,6,namecheap,,,11/08/2026 07:27
ca5dc308-a0cd-4d50-ba20-829d63642ca0,dances.realty,available,88.18,289.16,high,low,6,spaceship,,,03/10/2026 12:03
e52a649b-198f-4766-bde0-5c8b86010084,gilman.kim,available,12,,medium,low,6,unstoppable,,,28/09/2026 09:22
09a2a0d2-da69-4140-9929-1fe989054520,helton.nexus,available,14,,medium,low,6,unstoppable,,,06/10/2026 08:13
5728d372-862c-4ab9-adba-abe59b20182f,ataxia.gay,available,53.99,53.99,medium,low,6,name.com,,,20/09/2026 19:46
e27e5680-979a-4e72-b6f0-9194722f2776,jailed.software,available,20.99,41.99,medium,low,6,namesilo,,,19/09/2026 04:16
7e835f2e-15e4-4ed1-a80c-7e37bcd4671d,smyrna.day,available,10.55,10.55,medium,low,6,spaceship,,,06/10/2026 16:07
7288918b-2521-4b1c-95e5-07a07117070f,techy.guide,available,10.99,57.99,medium,low,5,name.com,,,22/08/2026 10:32
15e1950e-1a8d-4eb3-bd84-b4d19c7a0068,regina.glass,available,72.99,72.99,high,low,6,namesilo,,,29/09/2026 13:45
baf8c0e8-0b5a-46fb-8e3e-ef104026b022,snuck.nl,available,6.98,7.99,low,low,5,namesilo,,,20/09/2026 23:46
ba30d087-058b-4c9b-bea7-f04623b8bf95,gal.now,premium,103.7,103.7,high,low,3,spaceship,,,29/09/2026 20:30
7c547e4a-cdf4-406d-89d7-9b489718ee07,orne.site,premium,68.75,273.44,high,low,4,porkbun,,,02/10/2026 11:39
d3b9b453-a568-40a3-a605-27bb442f01d0,radial.gifts,available,36.99,36.99,high,low,6,namesilo,,,09/09/2026 09:30
1b5f13ca-2c04-4a5e-ba54-40db8ffe1353,snaps.fyi,premium,17.7,17.7,medium,low,5,namesilo,,,18/09/2026 11:55
523433d3-e32e-4284-9b15-bbeac1c1ad26,relics.coffee,available,6.98,47.98,medium,low,6,namecheap,,,18/09/2026 20:08
bfffc5c5-3d3a-4836-b682-f248f1905f33,naval.bio,available,5.98,84.98,medium,low,5,namecheap,,,03/09/2026 14:07
6d0bb0ff-a0f3-4875-94bc-e6c0b70cc813,tunis.productions,available,6.48,50.98,medium,low,5,namecheap,,,03/10/2026 10:02
13825dd0-b410-4d08-aefa-81bc6cde962f,lora.community,available,8.24,36.56,high,low,4,porkbun,,,04/10/2026 16:45
61705e6b-63a5-4c8d-8617-9785d706f481,ranked.london,available,12.98,41.98,high,low,6,namecheap,,,20/08/2026 17:38
2efa19ea-4db5-4834-8f49-6015bad8ad7c,csd.boston,premium,47.2,21.24,high,low,3,namesilo,,,03/10/2026 04:46
f934fe51-3e44-4286-8fba-139e992107a4,jeanie.you,available,18.54,18.54,high,low,6,porkbun,,,03/10/2026 14:41
09a39804-44fa-41d4-a369-f57aec3f0e55,ltc.vin,available,46.2,46.2,high,low,3,cloudflare,,,02/10/2026 12:36
76c21f2f-3f3b-45d1-987a-444d5508c962,pest.bid,premium,,,medium,low,4,,,,28/09/2026 18:26
b7e966fd-64e7-4cf9-88f4-b6161083cef3,fpga.adult,available,95.2,95.2,high,low,4,cloudflare,,,05/10/2026 16:38
7fb0865b-f53b-46bc-94de-7816630ee30e,typist.shop,available,30.2,30.2,high,low,6,cloudflare,,,03/10/2026 21:40
537c6fe6-3c57-41f0-a98f-1e7689bb4747,merton.online,premium,68.75,275,high,low,6,dynadot,,,05/10/2026 12:46
8a7c29b9-1245-44fc-a230-52ee9b5322d9,scifi.now,resell,,,high,low,6,,,,05/10/2026 08:10
d20f88de-b547-4a2f-ac21-f9cac34d0073,insane.vana,available,2298,2498,medium,low,6,namecheap,,,21/08/2026 00:58
fca9e5ff-9636-445b-988d-e698bcea80f2,amaro.racing,premium,103.7,103.7,medium,low,5,spaceship,,,05/10/2026 22:17
0c210868-c233-4052-8919-ed3fc1ad77e5,mouldy.diamonds,available,54.99,54.99,medium,low,6,namesilo,,,25/08/2026 03:52
6b6f1c69-fbb2-4dff-8b85-0e97793deecd,leg.accountant,premium,517.7,67.48,high,low,3,spaceship,,,30/09/2026 02:45
974cba9b-f0fe-41cc-8fea-5e97369bbdae,mccall.exchange,available,5.38,31.25,medium,low,6,spaceship,,,27/09/2026 21:08
4632b088-cb9e-47dd-ab64-47585892bf51,ryland.autos,premium,2183.84,2183.84,medium,low,6,porkbun,,,05/10/2026 06:39
cdc4082f-c3e0-4e18-add0-771a695ac236,snow.ing,premium,3000.2,3900,high,low,4,unstoppable,,,06/10/2026 19:06
927d5e25-3ae9-4510-9393-97b4720c7021,wafers.tickets,available,359.99,488.88,medium,low,6,namesilo,,,20/09/2026 21:54
e3f89f28-44a0-41bb-96df-8a84b5cacd22,swishy.nyc,available,31.99,31.99,medium,low,6,namesilo,,,11/09/2026 05:54
cad9e88b-532d-4658-a303-9eae91bbd158,steele.zip,premium,61.27,61.27,high,low,6,spaceship,,,28/09/2026 10:56
ffb008a8-ba64-4953-9f54-3b9c0a441e62,thrust.im,available,4.98,12.98,high,low,6,namecheap,,,25/09/2026 00:11
f9613ad8-564a-47d5-9e41-7f4300870b2d,left.barcelona,available,38.98,38.98,high,low,4,namecheap,,,25/09/2026 13:25
ffa5ce17-10c6-469d-81e3-f6829ae38085,naif.sarl,available,6.98,8.98,medium,low,4,namecheap,,,03/09/2026 12:52
9606a28b-ac7d-49fa-b9d5-1ebbccae072d,felt.contact,available,13.98,16.78,high,low,4,namecheap,,,25/09/2026 18:07
788634a0-6cc1-43ef-95e8-722a48f8f601,worthy.futbol,available,5.57,14.13,high,low,6,dynadot,,,28/09/2026 11:05
28768ec0-084a-4ecc-8717-3e4efdfab392,jibe.guide,available,41.49,41.49,medium,low,4,namesilo,,,22/09/2026 04:14
58da1973-3b33-4147-b1d0-eadaffb109ea,comma.associates,available,18.99,38.99,high,low,5,namesilo,,,24/09/2026 16:27
854b705c-8c5f-4d8d-af0a-a282d063ac54,greyed.sex,available,69.98,154.98,medium,low,6,namecheap,,,20/08/2026 20:04
7c0ddebe-83a6-43c0-93b3-297e6ba6f0be,infirm.promo,available,19.99,35.99,medium,low,6,name.com,,,13/08/2026 20:32
5f3add14-869e-4d9b-b51c-af097fd40fb6,bent.boston,available,23.49,23.49,medium,low,4,namesilo,,,09/08/2026 14:16
7a9b23ab-7b04-416b-88a7-830f1da0b5fa,fifa.rich,available,94.99,1999,high,medium,4,namesilo,,,30/09/2026 12:50
6d6336b0-2f4a-4bd1-b5fe-11501f731c5a,darrin.expert,available,,,high,high,6,,,,
12ed2e33-e2e1-4117-85ed-50bde213fa25,versus.education,available,34.99,34.99,high,low,6,namesilo,,,27/09/2026 17:11
2d9dcb80-5bb8-44cd-83cf-c149a418a1cb,bruges.insure,available,72.99,72.99,medium,low,6,namesilo,,,29/09/2026 06:10
e2f9f3c1-4b6b-492a-875f-77267ecee0a8,tights.limited,available,29.18,29.18,high,low,6,spaceship,,,02/10/2026 05:36
7c76ed47-5c9f-46d1-823d-5d570418f90c,sba.talk,premium,640,640,high,low,3,namesilo,,,30/09/2026 11:00
0096f342-cd33-42b8-afaa-27325486e1aa,spiny.pizza,available,5.38,51.95,medium,low,5,spaceship,,,07/10/2026 00:43
a48e2fc2-62cb-4628-9fcf-f262500b2cc4,roles.zone,available,30.2,30.2,medium,low,5,cloudflare,,,28/09/2026 21:41
d2a6f36b-0997-4ed9-9fcf-931149edf325,cast.college,premium,207.2,207.2,high,low,4,spaceship,,,27/09/2026 20:35
3b4a8abf-57ce-4051-a292-7cc54b3260a0,caius.wine,available,5.57,49.44,medium,low,5,dynadot,,,30/09/2026 20:06
75fb1616-67cf-4aa2-916f-93dec776d766,semyon.download,available,5.98,9.98,medium,low,6,namecheap,,,06/10/2026 06:21
8380a330-6704-4436-b489-22a1ad1d879b,janey.click,available,1.8,17.98,high,low,5,namecheap,,,05/10/2026 05:58
ae2945c5-118b-4bef-b826-195dc7fdf87a,agents.expert,resell,,,high,medium,6,"Global Domains International, Inc. DBA DomainCostClub.com",29/05/2026 15:15,29/05/2027 15:15,05/10/2026 01:28
0d0b7207-fdae-45e5-b97b-55f65a10dc40,tasso.science,premium,448,53.92,medium,low,5,namesilo,,,02/10/2026 16:55
39f2c66e-a1e8-40b5-8df1-4ce05686b2e9,studio.democrat,available,7.25,32.99,high,medium,6,namesilo,,,26/09/2026 00:25
463b7954-16f7-44ae-a4d6-206e1aa08123,legal.rich,available,94.99,1999,high,medium,5,namesilo,,,27/09/2026 06:58
c985d47b-9411-4697-a7b9-13bcf3eeb9bf,safest.gifts,available,36.99,36.99,high,low,6,namesilo,,,20/09/2026 20:39
00f3ad0a-0882-4120-9445-b48a9db27365,baiza.homes,available,1.8,21.98,medium,low,5,namecheap,,,21/09/2026 19:33
52cd0d2a-e5c8-4d2f-b2cc-3a3b5cce5427,stems.cv,premium,265.6,80.33,medium,low,5,namesilo,,,30/09/2026 05:53
250181d9-67d9-4b7c-a734-8b7fe0e73053,agile.pics,premium,2660,2660,high,medium,5,namesilo,,,21/09/2026 23:00
eb66597a-ce53-4487-aa4a-66e4e8c903f5,novice.pink,available,14.49,25.99,high,low,6,namesilo,,,23/09/2026 02:23
c6d06e96-8442-43c6-aaa6-46cecb75f0ae,horses.ski,available,27.99,64.99,medium,low,6,namesilo,,,17/09/2026 09:06
34fab0aa-f769-43e1-91b6-d479d1719ee4,rbi.clothing,available,32.99,32.99,high,low,3,namesilo,,,29/09/2026 07:55
13ac7e20-22cb-400a-ac98-ec9608d96073,ala.markets,available,5.38,15.73,high,low,3,spaceship,,,28/09/2026 19:57
c07b960b-81a1-4fef-9272-af75f1b4eb15,padova.catering,available,31.25,31.25,high,low,6,spaceship,,,03/10/2026 21:06
bc9f9027-016d-478f-a9f5-f3ceab898678,dwarfs.vin,available,8.99,59.99,medium,low,6,namesilo,,,02/10/2026 13:04
e7a97948-ee34-41ab-b546-82832effb42c,inner.exchange,available,5.98,49.98,high,low,5,namecheap,,,22/08/2026 05:54
d810dacf-46ce-4e5c-b835-56da1b5a3310,mete.supply,available,27.48,33.48,high,low,4,namecheap,,,10/08/2026 19:54
4385ffa6-bd1f-42b2-a602-19d96b622329,zonal.press,available,4.98,43.48,medium,low,5,namecheap,,,13/09/2026 15:29
1c11da71-c2c3-4f79-acea-295756e73a9b,stress.cam,premium,1875,,high,low,6,name.com,,,28/09/2026 17:21
052833d2-f29d-49ea-9e85-1d5dd353e4bc,cells.clothing,available,32.99,32.99,high,low,5,namesilo,,,04/10/2026 10:14
ef7b670c-b41d-43aa-b885-758b7ebfb940,bonds.berlin,available,79.98,89.98,high,low,5,namecheap,,,28/09/2026 04:31
5ff026c1-9dcc-43de-a5df-3a3360a0766c,gutted.deal,available,40,,medium,low,6,unstoppable,,,05/10/2026 02:20
497ba831-4ae0-4393-bc72-e0780ce9efe1,lounge.talk,premium,71.4,71.4,high,low,6,namesilo,,,11/09/2026 08:25
614bd73a-1a9b-4555-a680-08deb72f8a30,caper.courses,available,2.19,38.99,high,low,5,namesilo,,,22/09/2026 06:32
01f779da-7c62-40c6-b85f-e511b184fbe4,polly.dentist,available,51.95,51.95,high,low,5,spaceship,,,28/09/2026 07:34
ce35f180-9ac3-4235-904a-ad9d805398ed,ijn.education,available,28.15,28.15,high,low,3,spaceship,,,05/10/2026 05:44
b6cdd10d-3e76-41fd-aa30-450aa73c37a8,deeper.bar,available,3.49,54.99,high,low,6,namesilo,,,17/09/2026 12:06
a5c6d03f-5a7c-445a-b4a1-1dec7f6de9f0,murray.navy,available,41.99,41.99,high,low,6,namesilo,,,25/09/2026 22:54
267a6406-cbff-43a4-a79a-03079bda5fc1,picker.school,available,38.48,49.98,medium,low,6,namecheap,,,24/09/2026 14:45
664b8761-9d34-4042-b35a-d3849cfc844e,uncut.football,available,25.99,25.99,high,low,5,namesilo,,,12/09/2026 06:52
4ab914a5-7975-4032-8df3-67642223492c,sprout.pet,available,6.41,20.9,high,low,6,spaceship,,,02/10/2026 06:29
17edca11-3d15-494c-92a8-66def5c2c3df,hearts.holiday,available,50.2,50.2,high,low,6,cloudflare,,,29/09/2026 22:26
223dab9d-9668-48e5-bc42-858906a4bc42,having.cab,available,26.08,26.08,high,low,6,spaceship,,,01/10/2026 01:15
5816abeb-ed12-45c2-a85e-7c7b79dc3fa2,olivia.directory,available,4.5,22.69,high,low,6,dynadot,,,28/09/2026 07:43
f1f5d46d-db23-46be-8869-e472ff78f42c,linear.hosting,available,309.99,429.99,high,low,6,namesilo,,,05/10/2026 05:57
fb460231-6379-47e5-a964-13702d29d99f,forts.tips,available,11.59,25.04,medium,low,5,spaceship,,,02/10/2026 12:53
39feb96b-55bb-419b-86eb-d438e8f1218a,lifts.lease,available,44.71,44.71,medium,low,5,spaceship,,,29/09/2026 05:05
8acfe409-b5d9-47f4-8066-0a410f365974,coen.academy,available,36.2,36.2,medium,low,4,cloudflare,,,03/10/2026 06:03
d35ac790-0057-434a-8cbb-a175d2784cff,ina.schule,available,22.97,22.97,high,low,3,spaceship,,,28/09/2026 04:04
f7051f2b-c078-4ef8-95e2-921eb32761b0,csd.cheap,available,5.38,29.18,high,low,3,spaceship,,,03/10/2026 04:46
c564fd6f-5364-4bc7-b38d-8ea00dd812fa,pools.productions,available,6.48,50.98,high,low,5,namecheap,,,16/09/2026 13:57
b7d9799a-d8b5-4aa5-bc0d-3d77aba4b65f,iambic.ski,available,39.99,86.99,medium,low,6,name.com,,,21/08/2026 17:28
bb2bff9f-c194-440c-bd4e-7e315c4610d8,cuffed.expert,available,,,high,low,6,,,,
73676d2b-e050-41f5-ac88-c62bc65beec9,ren.talk,premium,517.7,517.7,high,low,3,spaceship,,,29/09/2026 02:51
dc2236f9-63e7-40dc-9bf7-b47fb55c3567,papers.associates,available,18.99,38.99,high,low,6,namesilo,,,24/09/2026 23:21
b9551fa7-e701-43a0-b92e-10b691f5f456,cima.kitchen,available,10.5,,high,low,4,unstoppable,,,04/10/2026 06:33
2e622b46-93da-46ee-bcda-ceff5bd8e06e,crease.best,available,2.28,29.98,high,low,6,namecheap,,,13/08/2026 07:14
67adc1de-52cb-4ab6-a10c-3634620f304e,end.science,premium,640,77.35,high,low,3,namesilo,,,19/09/2026 15:33
152033b5-762f-4d28-b02a-0beae2bc4ae5,arabis.cricket,available,23.59,23.59,medium,low,6,namesilo,,,19/09/2026 23:33
40b3930c-99c9-462f-bd92-a9d8567d987f,exited.credit,available,9.48,131.98,low,low,6,namecheap,,,02/10/2026 23:23
d3fa5aed-1b64-4587-b987-dff128f6be94,clymer.lol,available,1.24,26.08,medium,low,6,spaceship,,,05/10/2026 19:42
ec100470-cdc8-4e8d-81dd-1fd18da4cd22,sobeit.gg,available,129.99,129.99,high,high,6,name.com,,,16/09/2026 13:51
28e4c268-4652-49ff-b41a-5aa66bf4d271,shown.accountant,premium,640,77.35,medium,low,5,namesilo,,,27/09/2026 08:00
06b5ca1c-a54e-4120-93d2-39b5cacad7ea,upheld.loan,available,4.18,5.18,medium,low,6,cloudflare,,,01/10/2026 13:41
7c00a83d-cbb2-474a-8343-9e1b8cbe0ec4,orissa.green,available,6.64,66.56,medium,low,6,dynadot,,,30/09/2026 18:16
3b20c56b-e7c4-404b-8f18-ecda13a9a04e,rothko.boston,available,19.48,19.48,high,low,6,dynadot,,,05/10/2026 12:41
9be80e2c-0ad9-49e4-9e8d-6eb2673c667e,leaks.hot,available,51.99,51.99,medium,low,5,namesilo,,,18/09/2026 06:46
016accf8-d1f9-426b-9dc3-8bff5cb63ce0,mojave.ngo,available,16.72,16.72,high,low,6,dynadot,,,28/09/2026 19:54
8b5420fd-f542-4791-95a5-56c83fd10b10,millet.sbs,premium,310.7,621.2,high,medium,6,spaceship,,,06/10/2026 16:09
1a6364c9-f8c1-4d35-9b71-7f6f55677649,phony.lifestyle,premium,72.65,103.7,medium,low,5,spaceship,,,07/10/2026 02:04
b9e8cdb1-107f-4341-9da6-fa9d9cc27e66,sdf.voto,available,10.55,55.93,high,low,3,spaceship,,,01/10/2026 08:35
bdbc6c4d-89c8-4672-8315-11a3619ef7f6,isr.fashion,premium,1040,32.5,high,low,3,namecheap,,,03/10/2026 13:56
5bf3da4d-86ef-4ef3-b4fa-9e65a963a9dd,faux.camp,available,11.99,77.99,high,low,4,name.com,,,18/08/2026 00:12
3e51a379-0ff5-49f1-86b3-552dc79b3336,hue.voyage,available,46.78,46.78,high,low,3,spaceship,,,29/09/2026 18:19
457036f6-5a3a-4117-bc4b-e4bf1860b887,liners.viajes,available,36.56,36.56,medium,low,6,porkbun,,,04/10/2026 21:18
ef65c1b7-7333-4167-92fa-f543e3848a2e,poh.broker,available,10.55,29.18,medium,low,3,spaceship,,,06/10/2026 05:46
7b9a697b-cd97-442b-b3ce-e574089adb06,wool.tickets,available,326.21,388.33,high,low,4,spaceship,,,28/09/2026 10:46
76c3fdf3-bfbe-4a9b-8aa0-d6f2fcb784a3,scary.meme,premium,187.5,187.5,high,low,5,name.com,,,12/08/2026 05:23
9be0b497-c54e-4649-ba0b-2fd541440ca7,icee.gg,available,,,high,medium,4,,,,
881c6ac9-e9e9-4cfa-88fd-2c2530f9b961,lara.bid,premium,448,53.92,high,low,4,namesilo,,,27/09/2026 19:35
dc2446bc-b90e-47e9-accb-5a2a27d93901,wilks.singles,available,9.49,33.99,medium,low,5,namesilo,,,02/10/2026 21:54
e02bbf4c-3ddb-45f1-9f7c-63f7f24a9ba5,stripy.finance,available,17.48,82.98,medium,low,6,namecheap,,,10/09/2026 22:46
9bb399e8-3e49-4b6c-93af-85b5b6c59a3d,daily.phd,premium,843.7,843.7,high,medium,5,namecheap,,,24/09/2026 04:21
29be359f-430a-4ff0-83b8-34de130e0e49,males.sbs,premium,562.5,750,medium,low,5,name.com,,,18/09/2026 00:29
104ccd7f-010b-4b3b-9543-4fd096b8cf05,monet.tickets,available,326.21,388.33,high,low,5,spaceship,,,29/09/2026 18:23
ad217241-d5e6-4d97-9021-103969b591cc,cpe.games,premium,51.43,102.67,high,low,3,spaceship,,,03/10/2026 16:18
95cc6e49-9dea-4a86-b148-ec16e48e7ccc,rename.racing,available,10.53,10.53,high,low,6,spaceship,,,03/10/2026 21:57
d68d6746-08db-4905-882d-6ff200e6c366,triply.ninja,available,15.99,30.99,high,high,6,namesilo,,,27/09/2026 06:59
903cbe46-5439-4e1b-b454-f65f7115ce23,algal.futbol,available,5.98,21.98,high,low,5,namecheap,,,05/10/2026 13:33
492adc44-31a4-427a-ad5c-b720bff28039,glen.archi,available,13.14,83,high,low,4,spaceship,,,29/09/2026 19:03
00a2da91-aa97-4219-be26-d9a1325c7429,rental.bid,premium,3250,130,high,low,6,namecheap,,,09/09/2026 14:17
c49eda10-84be-4143-aa87-e21a1d32df74,vaned.horse,available,32.49,32.49,medium,low,5,namesilo,,,13/09/2026 01:06
4d5642d9-29ae-48a3-a6d3-33235ec5207d,anyhow.immobilien,available,39.98,43.98,medium,low,6,namecheap,,,13/09/2026 20:11
8d937638-43bf-488e-9d3a-782ccb074465,satya.tienda,available,46.2,46.2,medium,low,5,cloudflare,,,04/10/2026 18:07
34c19538-e91f-4ca7-b8c7-095e2bbe3852,starve.limited,available,28.2,28.2,medium,low,6,cloudflare,,,28/09/2026 19:47
bc465bfa-5346-4ad0-a989-38c9c8e79494,beduin.apartments,available,57.99,57.99,medium,low,6,namesilo,,,22/09/2026 23:27
daca2900-4747-4c4f-ad6e-88029f2461cf,asura.engineer,available,40.98,52.98,medium,low,5,namecheap,,,20/09/2026 18:26
32ec9823-bb78-4f5f-95fd-4729f1cc1007,meeter.tv,available,26.99,26.99,medium,low,6,namesilo,,,21/09/2026 01:27
433fe308-6e37-4868-9e6e-83e96f1f35c5,marrow.support,available,4.98,37.98,high,low,6,namecheap,,,14/09/2026 23:46
060aa3d1-cef3-4604-9e2e-76d7522211e8,radon.inc,premium,2061.5,2660,high,low,5,namesilo,,,21/09/2026 00:00
3f59532b-b297-483b-997c-7859bb023058,buffer.cheap,available,8.99,36.49,high,low,6,namesilo,,,29/09/2026 05:06
f12180df-7fbc-4de9-8cbb-c527a009f55f,nocent.capital,available,8.98,89.98,medium,low,6,namecheap,,,03/09/2026 18:02
a7fdbb2f-59b4-4166-9b5e-648ae1e1a319,bangui.salon,available,55.98,69.98,medium,low,6,namecheap,,,22/09/2026 02:03
8ba863ba-2ee9-47d7-b084-47be399ff66d,firm.eu,resell,,,high,low,4,"Name: Dynadot, LLC Website: https://www.dynadot.com/domain/eu.html",,,04/10/2026 13:49
9591ccf8-b836-4279-8ca2-0f79f5414ecc,nnw.bingo,available,51.98,68.98,medium,low,3,namecheap,,,15/09/2026 16:52
fd49da2b-d80f-435e-927b-ef5404549aed,hypo.storage,available,509.99,529.99,high,low,4,namesilo,,,21/08/2026 17:15
398358f4-1887-4ce0-8527-1a2a6653575b,swank.ac,available,28.98,76.98,high,low,5,namecheap,,,12/08/2026 04:51
172a3662-8b7b-48b5-833f-90125cfc9c68,flower.surgery,available,67.49,71.99,high,low,6,name.com,,,24/09/2026 20:16
3afea0ee-662d-4a6e-a007-afa2fc4ecd5e,esme.country,available,2064.2,2064.2,medium,low,4,spaceship,,,06/10/2026 14:20
7722860a-fbca-4aad-84b8-ca163759ce14,bitchy.country,available,2298,2450,medium,low,6,namecheap,,,10/08/2026 07:17
f717d8f1-e932-4b1c-bfc4-6c83ebc7c966,ala.delivery,available,5.03,51.58,high,low,3,dynadot,,,28/09/2026 19:57
48084faf-f3ba-446e-a97f-5efed4198b5b,funky.place,available,22.49,22.49,high,low,5,namesilo,,,18/08/2026 02:27
79c6fd04-64ff-455e-8195-3c28381a1012,caudal.food,available,4.98,48.98,high,low,6,namecheap,,,11/08/2026 22:22
e4957c58-7794-4772-959f-17bd4cc31c48,canned.university,available,19.99,81.99,high,low,6,name.com,,,11/08/2026 17:10
f937dc2c-1712-4969-ae97-d59d6d84a9e2,evolve.best,resell,,,high,medium,6,Dynadot Inc,20/02/2026 00:04,20/02/2027 23:59,30/09/2026 19:18
be9c8f4d-2b71-4329-ae99-06ea3054c206,poise.vodka,available,33.98,43.98,high,low,5,namecheap,,,19/09/2026 17:50
90d1c463-10e3-4fb8-9146-4bcc4b99a6c6,sra.bargains,available,17,,high,low,3,unstoppable,,,02/10/2026 19:11
378c62f3-2a9b-4bda-9bca-8717507ec91e,fault.contractors,available,9.99,45.99,high,low,5,name.com,,,10/08/2026 12:51
37a8ab68-37eb-4601-a784-b6318b26cc9a,yaakov.reise,available,75.2,75.2,medium,low,6,cloudflare,,,03/10/2026 15:45
ba6ec7f1-599d-48f6-ab13-1578fc082ede,lynde.mom,available,1.24,26,medium,low,5,spaceship,,,04/10/2026 05:16
5220827b-75f6-40ad-a41d-4c0717b261ab,whiten.horse,available,25.2,25.2,medium,low,6,cloudflare,,,28/09/2026 10:28
21ddd99a-0fd6-458f-a6f9-374c534188f4,hendry.pw,available,4.3,18.73,medium,low,6,dynadot,,,30/09/2026 21:36
c4830059-3cc0-4755-a994-850541b8dbe6,pfaff.theater,available,65.99,65.99,medium,low,5,namesilo,,,06/10/2026 04:53
f4513023-f07b-466e-89f4-8bc6067adcb2,lps.now,premium,116,116,high,low,3,namesilo,,,28/09/2026 11:44
117adae9-7e2a-4718-85dd-1c06fa29c00b,rodney.careers,available,28.98,89.98,high,low,6,namecheap,,,28/09/2026 03:52
5256c63f-1d1d-40aa-92db-e4d8b064c476,bloc.site,premium,162.5,650,high,low,4,namecheap,,,05/10/2026 23:59
1b49b747-b18f-4e69-ba4a-70b152321495,mabry.christmas,available,34.99,34.99,medium,low,5,namesilo,,,05/10/2026 06:43
1af95338-be7f-4f4a-ab4c-fcd41111f7fb,sold.barcelona,available,38.98,38.98,high,low,4,namecheap,,,27/09/2026 23:38
c79a035a-cc51-4437-be91-e7776ff6a569,plumes.host,available,4.68,81.97,medium,low,6,spaceship,,,05/10/2026 22:23
c7616203-d98c-4005-8949-118b4bb1ee44,lama.food,premium,,,high,low,4,,,,04/10/2026 11:56
bb308de0-74ff-47d4-80ed-367084a4fc9f,nyc.soy,premium,309.67,309.67,high,medium,3,spaceship,,,02/10/2026 08:36
bcef7543-35e1-4d18-987b-3e71d05e48c5,cubic.hosting,available,309.99,329.99,high,low,5,namesilo,,,13/08/2026 10:01
883e8842-349f-48aa-9b63-5e70b7a62124,appall.it,available,25.99,25.99,medium,low,6,name.com,,,18/09/2026 01:55
39b215a3-a92d-406f-8aea-5dd14ad7d0d2,milam.holdings,available,51.95,51.95,high,low,5,spaceship,,,04/10/2026 17:27
c2df11ef-eddf-4597-aadf-e573c7473468,hogg.faith,available,10.18,10.18,medium,low,4,cloudflare,,,01/10/2026 02:37
51b00865-4b71-41f6-8b77-ec5df117cbe1,plum.zip,premium,73.75,73.75,high,medium,4,name.com,,,12/08/2026 10:07
377f876e-f947-4671-86e7-58010cb143c9,tush.services,available,5.48,51.98,medium,low,4,namecheap,,,09/08/2026 11:45
a0a837a3-af46-4a92-8923-2abdb2006940,bfc.airforce,available,103.99,103.99,high,low,3,namesilo,,,04/10/2026 15:33
98d29602-fde7-4f23-ab1f-56c43fc24b39,slater.skin,available,1.99,17.29,medium,low,6,namesilo,,,28/09/2026 10:57
fb4a86ad-957b-436c-9dff-a28e1ae43668,hipped.gold,available,7.98,130.98,medium,low,6,namecheap,,,21/08/2026 09:41
1bf20e67-e270-4e78-ae06-96a0c4e4e42b,eyrie.kiwi,available,21.34,21.34,high,low,5,dynadot,,,05/10/2026 08:09
cbf9bd38-c485-41ea-99e2-023ec4dc7406,addy.solutions,available,7.96,25.04,high,low,4,spaceship,,,05/10/2026 03:27
edb6cc68-874c-47e7-b9d2-f6bea4e5ce15,samos.mba,available,17.99,39.99,medium,low,5,namesilo,,,02/10/2026 08:27
b9e13a40-ce94-4176-b0d3-c897b8c5f800,aba.bargains,available,21.99,43.99,high,low,3,name.com,,,16/09/2026 13:42
962a7575-e91f-47e0-9bf4-118214c257db,flo.deal,premium,116,116,high,medium,3,namesilo,,,02/10/2026 00:23
7bac987a-d12e-45b5-95b9-50bf09c05b01,homing.now,available,38.98,49.98,medium,low,6,namecheap,,,21/08/2026 12:35
a68a689f-e4b4-4948-80a8-020f5487ef12,dna.tours,resell,,,high,medium,3,Dynadot Inc,22/01/2026 17:01,22/01/2027 17:01,29/09/2026 14:01
82faeb3f-5b05-48e6-9c9e-8a14b915ed6f,wah.barcelona,available,25.04,25.04,high,low,3,spaceship,,,30/09/2026 03:50
7b800b96-d68d-45ae-87c2-6afd032382b8,commix.cat,available,18.83,25.04,high,low,6,spaceship,,,05/10/2026 17:10
fe41f07b-ec70-42c5-9edf-7507d56835f8,refuge.gives,available,7.48,37.98,high,low,6,namecheap,,,20/09/2026 18:32
7497a5d7-8b31-4280-b107-1afe46f59478,parana.productions,available,31.2,31.2,high,low,6,cloudflare,,,05/10/2026 01:07
2faec9a3-07fd-46d6-8de6-b674dc7275d5,pager.finance,available,20.99,64.99,high,low,5,namesilo,,,23/09/2026 01:32
953d9da7-57d0-4eb1-8312-07bace7c1437,sacked.esq,available,25.98,29.98,medium,low,6,namecheap,,,24/09/2026 06:49
36130e1a-0881-4a5b-8194-4eeac4d56dc1,badge.zone,resell,,,high,low,5,"Sav.com, LLC - 24",27/09/2025 15:15,27/09/2027 15:15,04/10/2026 11:07
a2d78a8b-c15c-4e8d-84da-1345e598602c,dismay.camera,available,46.78,46.78,medium,low,6,spaceship,,,28/09/2026 20:03
67d56382-5e92-4ed0-b425-6278f0d2b2b3,fussy.show,available,14.17,35.39,medium,low,5,spaceship,,,06/10/2026 19:51
3527622c-beb7-4eab-b5a1-486b56be6621,jor.rich,available,79,160.72,high,low,3,dynadot,,,06/10/2026 19:54
1bef7147-1d62-4fc4-a366-cd31ed34f11f,villon.app,available,8.48,14.69,medium,low,6,spaceship,,,06/10/2026 15:27
3edb22ba-f2a4-4a6e-8a76-408666ba0217,roomie.loan,premium,455,65,high,medium,6,namecheap,,,09/09/2026 18:35
e83d28af-4d3e-43b5-8fd1-10d19346974e,troyes.best,available,1.68,18.88,medium,low,6,spaceship,,,01/10/2026 08:31
e29441cb-a0e4-4ca5-8ad6-d9b4148a0a97,yields.contractors,available,28.15,28.15,medium,low,6,spaceship,,,01/10/2026 17:44
2d4b4285-d278-43fd-baa0-13cbe3d327e1,obtain.direct,available,32.2,32.2,high,low,6,cloudflare,,,30/09/2026 21:13
9194e340-5b89-49b6-bda0-c7c3d47f0441,trp.page,premium,,,medium,low,3,,,,03/10/2026 08:02
cfafcd9f-2e00-46fc-9d3a-a937e71620f9,spills.villas,available,46.2,46.2,medium,low,6,cloudflare,,,02/10/2026 22:44
65742f68-65d8-42af-a248-59cf091f30ea,roxie.zone,available,7.96,31.25,high,low,5,spaceship,,,07/10/2026 00:30
53f004f6-a8ce-465a-b280-12f5fc435616,unfit.gripe,available,6.98,8.98,medium,low,5,namecheap,,,12/09/2026 10:23
efd20691-f1e2-4928-8692-f3104ba38426,moc.cab,available,32.99,32.99,high,low,3,namesilo,,,06/10/2026 18:41
494af9d7-4eb9-43ca-a3e5-5c34ee898640,cll.hockey,available,47.81,47.81,high,low,3,spaceship,,,07/10/2026 00:42
527390f5-b3ff-414c-a5eb-11ae263c4208,inna.melbourne,available,58,58,high,low,4,namesilo,,,05/10/2026 18:44
60845b49-a7ff-4706-b79f-0da1577b0f96,fever.immobilien,available,39.98,43.98,high,low,5,namecheap,,,29/09/2026 19:05
56776a30-d648-4aef-977b-daab2dcbba0c,curst.barcelona,available,38.98,38.98,medium,low,5,namecheap,,,13/08/2026 11:34
5a2a6b45-7871-4f8c-9ae8-1577c0d79992,ringer.love,premium,118.8,118.8,high,low,6,namesilo,,,23/09/2026 05:42
10df26a8-78b9-4f83-8319-4fdd540d4e7e,gang.video,available,28.2,28.2,high,low,4,cloudflare,,,29/09/2026 20:39
510ac774-b514-4056-add3-803576afde02,ernest.vodka,premium,47.2,29.5,high,low,6,namesilo,,,28/09/2026 11:52
47d2a159-1750-4f0e-921f-52e77fc81baa,mro.review,premium,650,84.5,high,low,3,namecheap,,,06/10/2026 06:38
484481f1-d905-4801-820b-9001a493e061,elstow.app,available,,,high,high,6,,,,
20c38dc5-b62c-413f-8411-d4c45853faff,weep.hiv,available,195.99,195.99,high,low,4,namesilo,,,29/09/2026 14:16
33ec6cb1-344a-4913-b2c7-7598078da205,gout.rocks,available,17.2,17.2,medium,low,4,cloudflare,,,03/10/2026 01:01
c8e02efb-7678-49c5-9669-1e6fd3ce96ad,mont.tech,premium,,,high,low,4,,,,30/09/2026 19:51
561b6877-f006-480e-ae65-2aa79f2bc954,nass.design,available,45.2,45.2,medium,low,4,cloudflare,,,05/10/2026 05:27
07d8fb32-497f-4b80-a92b-a2476002a3c7,lorna.one,available,6.41,19.87,medium,low,5,spaceship,,,29/09/2026 15:29
0de43d73-86b0-48f2-8c37-b610ff402f7a,ccc.download,premium,517.7,67.48,high,medium,3,spaceship,,,04/10/2026 16:31
4bc10867-b1fc-479b-8bde-203e9992bf17,gusty.salon,available,19.99,83.99,medium,low,5,name.com,,,20/08/2026 21:10
4e20f1c2-63db-4519-90e2-92727608b0d1,scored.futbol,available,5.66,13.9,high,low,6,porkbun,,,27/09/2026 23:20
f8c77888-e602-454a-ba9d-01f921229b7d,rebuff.sbs,available,1.54,25.98,medium,low,6,namecheap,,,10/09/2026 10:49
5995d636-0615-4522-9d81-4f7ee20c097f,quays.mobi,available,7,,medium,low,5,unstoppable,,,02/10/2026 23:22
bfec6629-a090-46bd-ba00-29ebc4bf934d,huelva.parts,available,9.52,33.32,medium,low,6,spaceship,,,05/10/2026 19:02
4d6655d9-5dfe-4d72-8352-0747ca2d7ba2,court.party,premium,1107,116,high,low,5,namesilo,,,27/09/2026 16:05
4523752c-6c6a-4326-b7de-b9e5a7135718,maggot.vodka,available,25.2,25.2,medium,low,6,cloudflare,,,03/10/2026 11:37
a589232a-a444-4a5c-937a-06b2fb8e65d0,finish.racing,premium,116,116,high,low,6,namesilo,,,08/09/2026 15:33
cff7515f-b67d-477c-abb4-df6ef13d2b33,wada.support,available,8.99,26.99,medium,low,4,namesilo,,,01/10/2026 14:19
7ab5201e-c659-4c39-9389-61ce8a6ca011,slug.wedding,available,33.98,43.98,high,low,4,namecheap,,,23/09/2026 13:52
fc78cd32-a5b0-4cdc-a739-b1f357b63747,rana.vana,available,2070.2,2070.2,high,low,4,spaceship,,,06/10/2026 01:22
1a7fc3bc-c70a-409e-9e0a-621d6e4988b6,bingen.business,available,19.49,19.49,medium,low,6,namesilo,,,05/10/2026 17:56
7c8d357a-fdd5-43a4-9a5e-ca33e0b1c01a,jails.build,premium,1552.7,1552.7,medium,low,5,spaceship,,,03/10/2026 08:31
37c8d619-e76e-430a-bc46-0d16b7253ba1,bligh.singles,available,7.17,28.04,medium,low,5,dynadot,,,01/10/2026 18:42
24f54c70-c8c2-427c-ac73-3f0d6c5de523,citify.store,available,,,high,high,6,,,,
cf72fdd8-6d55-4c9e-a171-bbc2f2b67d12,jsc.hockey,available,61,,high,low,3,unstoppable,,,02/10/2026 07:48
8aca8c88-899e-45af-b583-9c6fb31171d4,wieldy.nyc,available,31.99,31.99,medium,low,6,namesilo,,,13/09/2026 11:52
9d3ce99e-72b2-41dd-8fcc-51bed5894507,cullum.news,available,14.49,32.49,medium,low,6,namesilo,,,06/10/2026 06:24
2954d0ac-4c66-4147-85c2-80f748f3b57c,claws.ing,available,10.55,10.55,medium,low,5,spaceship,,,28/09/2026 17:19
92f59834-47be-4e9a-8c19-6690eec565b2,ingram.fish,available,44.49,44.49,medium,low,6,namesilo,,,26/09/2026 03:39
ff00e065-6223-4456-9338-0617aff4855b,orally.cv,premium,87.75,9.75,medium,low,6,namecheap,,,15/09/2026 18:11
22ebe773-7a15-4917-99ca-2fb0fdcea1cb,zhong.rehab,available,38.48,47.48,medium,low,5,namecheap,,,30/09/2026 13:57
07d5030c-355f-4337-9b12-f5c8970694d0,keir.bayern,available,34.99,34.99,medium,low,4,namesilo,,,03/10/2026 14:03
86eb6e51-213c-421b-a64d-35a341453d90,hera.airforce,available,103.99,103.99,high,low,4,namesilo,,,01/10/2026 02:29
adab2e86-b826-401f-81a3-4c7fab117efd,snooty.country,available,2298,2450,medium,low,6,namecheap,,,09/08/2026 20:39
9eaf0cbf-d007-4921-bc11-a9fd51b6ad49,janney.reisen,available,16.76,16.76,high,low,6,spaceship,,,04/10/2026 15:57
98751cd3-c3a0-4608-914b-4adc1412aa52,hess.church,available,14.99,58.99,high,low,4,namesilo,,,27/09/2026 03:38
06af17ba-c6d1-445e-ade3-2dcfb0121b9a,licks.food,premium,,,high,low,5,,,,05/10/2026 09:49
97e79699-06da-4fcd-b756-be275f0a9b17,bleeds.place,available,17.8,17.8,medium,low,6,spaceship,,,07/10/2026 02:48
52001f52-f2e6-42bc-96d4-8384ce6bbd05,kass.kids,available,6.79,19.99,medium,low,4,namesilo,,,04/10/2026 16:12
067efd43-8b9d-444b-8844-f90acf5b6f97,fungi.partners,available,20.99,71.99,high,low,5,namesilo,,,01/10/2026 19:40
b8dca15f-8bb1-4a41-aea3-071f19a0b11e,tay.vc,available,27.5,27.5,high,low,3,dynadot,,,05/10/2026 14:02
5fe609a0-84a1-4f66-abfb-249275b91160,fawn.computer,available,22.5,,high,low,4,unstoppable,,,02/10/2026 15:10
303844a1-c2da-4e8d-868a-f705e31388c2,verma.cat,available,18.83,25.04,medium,low,5,spaceship,,,02/10/2026 02:53
b240ec8b-ea29-4856-9003-e7643099dcda,cares.download,premium,455,65,medium,low,5,namecheap,,,27/09/2026 02:10
528a8a7c-027b-49f3-94c7-90f5dfb52c48,holdup.makeup,available,1.8,21.98,medium,low,6,namecheap,,,06/10/2026 09:49
77d2b4e5-6e6d-4687-adf4-37cd965e0c9e,sokoto.social,available,9.99,41.49,medium,low,6,namesilo,,,04/10/2026 15:41
d9581096-b0b8-47b2-a36c-56799cdf7dd2,jayson.condos,available,46.78,46.78,medium,low,6,spaceship,,,06/10/2026 08:12
63f24776-c11e-4c09-b1c3-df3f455a1039,baddie.holiday,available,64.99,64.99,medium,low,6,namesilo,,,21/09/2026 16:59
457c6cf2-c19c-4209-b637-e24a9db95406,bertie.sale,available,7.49,38.99,medium,low,6,namesilo,,,28/09/2026 16:25
c866c8c0-da25-4507-9854-5792008c4f87,marple.cricket,premium,362.45,51.95,medium,low,6,spaceship,,,03/10/2026 15:29
8cad0751-9258-4cd7-ba63-01ca7a6e0e46,pls.christmas,available,34.99,34.99,high,low,3,namesilo,,,04/10/2026 12:12
3a0fd53c-f2a1-4869-a5d7-6deea7b1e41c,agnus.shiksha,available,10.92,41.81,high,low,5,dynadot,,,06/10/2026 20:44
e53df34d-3814-4aed-b188-c2224df13881,abbie.review,available,10.53,10.53,high,low,5,spaceship,,,02/10/2026 00:07
2a5ecfad-af49-47a7-884a-dc94184d8f61,sawyer.holiday,available,5.57,53.72,high,low,6,dynadot,,,01/10/2026 03:36
e1cf6be2-c05a-4ff9-8124-1ee0c9f1df76,gonna.info,available,5.25,29.49,medium,low,5,namesilo,,,30/09/2026 03:29
6923947e-7e4b-42a6-9c84-c26658214720,vacant.delivery,available,2.98,79.98,medium,low,6,namecheap,,,13/09/2026 00:38
3f5f74de-cf0a-444c-9188-17c0e575e398,sulky.fish,available,14.99,56.99,medium,low,5,name.com,,,20/08/2026 14:46
f2fdfa76-ddc2-4c26-8903-bb4b11d99246,coke.miami,premium,2660,21.24,high,low,4,namesilo,,,27/09/2026 03:32
70c3db56-c040-450d-8e13-3e7d380a10b7,odisha.la,available,27.99,27.99,medium,low,6,namesilo,,,06/10/2026 07:26
dfc644f4-5054-4e70-b66f-00918a5674d3,pegu.giving,available,7.48,35.98,high,low,4,namecheap,,,06/10/2026 06:05
409f30ac-771f-4a26-b91e-8608dfe3fc7b,augend.rocks,available,11.99,21.99,medium,low,6,namesilo,,,21/09/2026 03:16
a997ccda-895e-4ff2-b997-8aba5201e8ab,zoom.college,available,10.3,52.01,high,medium,4,porkbun,,,28/09/2026 15:12
5b696b83-5923-4cc9-9a70-926464443208,clxx.download,available,4.48,5.55,medium,low,4,dynadot,,,04/10/2026 16:00
a1b410b8-6b59-4f47-a1d0-96c099c58d86,stary.cruises,available,44.71,44.71,medium,low,5,spaceship,,,07/10/2026 02:32
4e6f6b86-9dcb-4df0-a1b3-60d00a37c633,rpf.casa,premium,52,13,high,low,3,namecheap,,,05/10/2026 06:21
1118eeca-89ca-4755-bde9-3dbca25f2977,lec.cars,available,1863.2,2064.2,high,low,3,spaceship,,,03/10/2026 03:55
9455787e-1642-400b-827a-54a27317e411,osa.gay,premium,181.33,181.33,high,low,3,spaceship,,,30/09/2026 20:30
2d58c758-2965-4ffe-b24b-d3b87e545ae9,eunice.place,available,17.8,17.8,medium,low,6,spaceship,,,29/09/2026 03:57
933e59a9-1d5a-47a8-ab4e-a59bb2ef8107,asking.associates,available,11.59,31.25,high,low,6,spaceship,,,28/09/2026 22:40
75763aaa-791b-41eb-b2bd-bb801ffa1c4c,bamboo.talk,available,38.99,38.99,high,medium,6,namesilo,,,22/09/2026 00:40
76026c00-e8c5-4eb7-b74c-56da9e2ac974,abyla.boston,available,23.49,23.49,medium,low,5,namesilo,,,16/09/2026 15:53
47217e8b-1403-46f2-b595-a73115722329,cortex.boston,available,24.98,30.98,high,high,6,namecheap,,,30/09/2026 09:05
c7223a2d-3b98-4346-ad1e-a52d7b28baa5,takagi.attorney,available,62.99,62.99,medium,low,6,namesilo,,,04/10/2026 09:59
e81cfd01-23db-49f3-a70c-43888f8b8492,gmp.engineering,available,16.99,64.99,high,low,3,namesilo,,,04/10/2026 01:30
5334081b-0bbf-448e-8ff4-54d1f5ad79d2,pcl.diamonds,available,43.77,43.77,high,low,3,porkbun,,,30/09/2026 21:08
381839b1-f6f6-49b0-8a63-6f3fd3305787,purau.house,available,12.98,55.98,medium,low,5,namecheap,,,21/09/2026 22:02
b6aed414-ec60-4cb7-8094-5c2f180eb2c7,ayn.build,premium,155.45,155.45,high,low,3,spaceship,,,03/10/2026 03:51
146cf77d-d7af-4a06-98e6-a11bbf59dbf5,letter.center,available,25.2,25.2,high,low,6,cloudflare,,,05/10/2026 00:53
c92fe66a-bb91-418e-a034-3c77bc98659e,asur.pictures,available,15.49,15.49,medium,low,4,namesilo,,,20/09/2026 16:43